acc,gc,gc3,high_median_cai,low_median_cai,high_osc_density_p1,low_osc_density_p1,high_osc_density_m1,low_osc_density_m1
AE000516,0.6581958559860726,0.7929026049932626,0.705,0.413,2.3991973594288454,2.906182952993954,1.3726317013944425,2.574605032182563
AE016822,0.6865451548767645,0.8722463202824715,0.702,0.3215,1.9755167863949568,2.6483570377636094,0.674387919659874,1.8473107732548635
AM236080,0.6210603246770724,0.7736269701258166,0.705,0.3185,2.8641276376737004,3.34810902574743,1.240349974266598,2.767141375082524
AP009179,0.4480718751574343,0.484580023762252,0.611,0.381,4.651629072681704,6.200977805916078,7.913116123642439,7.716928704583026
AP012205,0.4862988460570032,0.496477275294108,0.7575000000000001,0.52,4.81624184943687,6.670048943535872,5.761707172495554,8.472603557359436
BX119912,0.5552628338530278,0.6159688010301443,0.679,0.371,3.048583779598684,3.1632484287131986,2.675172591780115,3.5478001984783325
CP000269,0.552661256440307,0.6250718789738804,0.712,0.38,3.732265064263061,5.213758023495216,4.1478884994157905,6.019135279157079
CP001154,0.633751158120906,0.7767714501536805,0.802,0.409,3.5513804559514264,3.354425554623771,1.5293848092565012,3.377296637950751
CP002130,0.3655948970846103,0.29561828825916747,0.693,0.548,8.658008658008658,9.421312632321808,12.46000376435159,9.174311926605505
CP003418,0.3433845826656742,0.2497094979462608,0.7055,0.546,6.348680578558021,7.246376811594203,10.985977696809098,10.896403650026839
CP009217,0.31657723607040483,0.19634432706696325,0.725,0.534,10.416666666666666,9.87376455621881,13.905267295597483,11.038262060867012
FR872582,0.42524884557552967,0.38374290862083976,0.743,0.618,4.391522831549049,5.28294219242101,7.6141577452479785,5.3337397135019815
AE000657,0.4374537466830877,0.4802906812007267,0.728,0.5485,8.70521213332667,9.891448825875056,4.902303732946879,6.82875498449269
AE016825,0.6583625655637168,0.8580415768673647,0.769,0.2345,3.9185799997228727,4.192222295500011,0.4406324044950048,4.423047330123766
AM260525,0.4057607146854292,0.3020163135199092,0.668,0.466,5.094199305899852,4.889597526211528,9.961163444058833,7.1749528917234375
AP009247,0.32916934401046527,0.20665167106252752,0.7444999999999999,0.552,7.679974346641013,7.028753993610224,14.173480840147507,13.165601703940363
AP012206,0.6454532975796676,0.8228781228381993,0.793,0.292,2.485549132947977,3.8301099734546833,0.6647398843930635,2.6924535456958667
BX470251,0.4424737808109738,0.4055017533016805,0.558,0.3025,5.036064092427347,6.785578567357021,10.0140383715489,8.14174425232757
CP000352,0.644700523377296,0.810166951819544,0.78,0.377,3.573667711598746,2.913392409296104,1.163357715081853,1.9938137435211503
CP001157,0.6660386055248817,0.8556011351739305,0.795,0.445,2.9185572560178423,3.333815098520981,0.2268707221410444,2.0234137881196705
CP002271,0.6786791120499109,0.8701325738837473,0.794,0.4515,2.464584759597662,2.3921846950277628,0.663542050660909,1.1940049263140315
CP003488,0.42781679342705414,0.3717386092028635,0.627,0.326,4.844419601267003,6.96594427244582,11.552077510713621,8.777089783281733
CP009415,0.31704585017331943,0.20615980880693566,0.831,0.56,8.782742681047766,10.0199704784232,12.693521168097439,12.511938872970392
HE717023,0.4252621710116857,0.39341549055552255,0.665,0.416,5.574082896617437,6.753482737734706,10.882733274348329,7.062386432465173
AE000783,0.2896144547513958,0.2037004455755453,0.751,0.5185,8.049608049608048,11.360593263981873,14.578214578214578,9.434545267277784
AE016827,0.4345661339580308,0.41604167373672246,0.64,0.316,6.809995497523638,6.508330379298121,8.25078793336335,6.20347394540943
AM286690,0.5534876737696516,0.6178375308986929,0.695,0.429,4.23046721633294,5.08294402327468,5.3371613663133095,5.969731725739223
AP009484,0.3761978329458697,0.3089590447910976,0.717,0.298,7.079318013343217,7.091226321036889,11.212008895478132,10.044865403788634
AP012273,0.5702823885291476,0.6691017307271683,0.804,0.53,2.953767123287671,3.9237668161434978,2.3972602739726026,3.6995515695067267
BX571963,0.656586077743713,0.8396349695182633,0.743,0.351,3.1704234253212555,3.0209843971135535,0.7215083210448704,2.0215609875421525
CP000362,0.5957960596173552,0.6980625059174909,0.743,0.48,3.410624675549403,3.754092807948515,3.029935975082194,4.163373602800045
CP001196,0.6317695230644402,0.7829750029066388,0.763,0.456,2.740290512001648,2.8754654530409596,0.8962604306170805,2.172114191146049
CP002287,0.6669281261610865,0.8562704542941372,0.802,0.468,2.98292835809889,2.9044804768399253,0.7374359352531249,1.439612062433702
CP003555,0.5575280401119591,0.6233785135995633,0.762,0.482,3.766160764474424,3.1067961165048543,5.902192242833052,4.126213592233009
CP010048,0.31314421066266956,0.19210949917490913,0.7525,0.4245,8.518176216882317,9.414556962025317,12.215033887861983,7.945298372513562
HE804045,0.7263853641617779,0.9408041217018347,0.854,0.553,2.1321700843899056,1.9173447192459518,0.1956867381466835,0.46725207443808914
AE001437,0.31537976738177775,0.2088119226105323,0.7435,0.479,9.984212531983232,10.150067490670407,12.967499591703412,10.98377577217267
AE016828,0.4338233349651671,0.4085489702632693,0.8,0.637,5.9151180558978655,6.008547008547009,7.191797702962488,7.606837606837607
AM398681,0.33321696917251153,0.24412027242285708,0.741,0.505,8.885664146868251,9.062410943288686,10.870005399568035,7.306212596181248
AP009552,0.42956784848313245,0.38847384168880095,0.755,0.583,5.213145044212749,7.827834015918398,5.820245479741323,7.495556757592149
AP012292,0.5183245192749592,0.6066517797760375,0.706,0.302,3.3335624441542375,4.920117637707655,5.113753522578872,4.729353787457277
BX842601,0.5110632431810666,0.5834315888915331,0.568,0.277,4.932335813317306,4.666363015258483,6.020351066254948,4.306536096561148
CP000383,0.3971596003896613,0.3567440048480651,0.679,0.4325,7.11648942672045,6.272006009107554,10.099009900990099,6.506736772921459
CP001230,0.37451973732639404,0.32200130620613254,0.755,0.5615,7.652230543796809,10.143459915611814,9.687398241615108,8.151898734177214
CP002382,0.5554630857083445,0.6399722669601836,0.7075,0.3065,3.9546096527541033,4.146068156350933,4.144547801100667,5.576428712675499
CP003732,0.5494309181458723,0.6428493498628871,0.801,0.605,3.7683963945612877,5.77585249361324,2.5156592147476706,5.886926580028879
CP010327,0.34966215833339,0.2683033510421969,0.746,0.439,9.065062875888463,11.049284578696344,11.437944231820666,9.30047694753577
HE956757,0.6389465724498485,0.7796201772869287,0.7685,0.498,2.789900249376559,2.519352568613652,1.1221945137157108,1.773399014778325
AE002098,0.532126207726431,0.6145771289930714,0.643,0.363,4.264023286916844,4.007671450300906,3.7959247895523562,3.1810065471860325
AE016830,0.38181540490517335,0.3033486182061028,0.635,0.318,7.253585998157653,6.963012108143971,9.135412554283459,6.62133023718693
AM406670,0.6833689346646575,0.8794018483875302,0.859,0.496,2.836211407639979,2.678389709773273,0.4664723032069971,1.833760735946595
AP010803,0.6547468909977663,0.8182501968994162,0.738,0.35,3.0419083050661997,2.772973596218148,1.099682678630047,2.2771820592643834
AP012319,0.7138851083832581,0.9182152943414726,0.8205,0.4505,2.3210454456797347,2.137546468401487,0.8191925102399065,0.966542750929368
BX908798,0.36142401116871503,0.2663565813407519,0.695,0.505,6.932099331073033,7.655153046896939,9.232108494456154,8.407750631844987
CP000462,0.6292920976942771,0.8159314279566859,0.638,0.2915,3.6121028060029405,4.359335720271197,2.028980824838861,4.8164089281633276
CP001275,0.6366963868843558,0.7362437494702941,0.808,0.579,2.013967841481241,2.3396577813991386,1.0638297872340428,1.8740542428122453
CP002390,0.36506034892509565,0.3148439820532462,0.763,0.434,8.189655172413794,6.205328135152696,7.894736842105264,6.075373619233268
CP003740,0.5542419838137135,0.6061826001955034,0.7575000000000001,0.5325,3.34857210710681,4.596779581746509,4.89817728433177,5.251553417518541
CR555306,0.6554825144086783,0.8205846686948696,0.808,0.313,2.7582598295709375,2.8257726991119982,0.47839736881447154,3.0322847112273696
HE983995,0.37771487061382464,0.29775754172015406,0.722,0.592,8.362543815723585,8.29875518672199,9.313970956434652,7.093459790555226
AE004091,0.6725354259324209,0.8787409060400512,0.756,0.378,3.1617673842567293,2.8871018158051776,0.455323644046188,1.7490267397914239
AE017126,0.3722671808927456,0.24890117418319346,0.771,0.586,8.166981386565956,7.42133386107263,11.485028324790937,9.50920245398773
AM420293,0.7178421984952938,0.9257489602272675,0.8095000000000001,0.487,1.939190806799138,1.9717442013995863,0.26334689968877184,0.7878174376127811
AP010946,0.6861958389928481,0.8795077530872907,0.7965,0.4795,3.180781103207623,2.630919569030318,0.6643403569990605,0.9855508226843731
AP012320,0.7159467296948397,0.9336863340080219,0.872,0.609,2.8298464143185393,2.3598669055541337,0.17333817067763133,0.5374968006142821
BX950851,0.5229554362443476,0.5652951512362465,0.57,0.289,4.411849794595845,5.8871174013129846,6.720476769079442,7.551794696905106
CP000474,0.6285668990953566,0.7536341108049452,0.759,0.351,1.8356477078181472,2.5516763920482646,2.5680045653414494,3.095638413608941
CP001277,0.41066721736633766,0.3682013705328354,0.714,0.505,7.009384602607756,5.086311003765007,9.741715804335188,5.562264687078213
CP002512,0.43183816899837363,0.4149612929310914,0.6855,0.316,5.540624353938391,6.245375166494006,11.908207566673557,8.746485126535445
CP003746,0.5648832336385593,0.6565504577204244,0.759,0.385,4.417364813404417,4.530201342281879,3.6938309215536935,5.453020134228188
CU207211,0.5535494054076968,0.6311704260127009,0.7404999999999999,0.419,3.8280051905155124,5.216362201857134,3.0258346113011676,5.577471627116586
HG793133,0.28343267473662265,0.1622889161569286,0.726,0.5425,10.02591189954156,11.239563262684651,14.670121586605543,10.447441661314494
AE017143,0.38845757471659226,0.29391890480110655,0.6475,0.3275,7.525792771694411,6.220424362692719,11.779226533324893,8.395664784002442
AM494475,0.30685269620377775,0.19263758020694838,0.728,0.501,10.281221651043241,8.620689655172415,14.272754762624736,13.063660477453583
AP010968,0.7456344492214344,0.961912822349542,0.847,0.498,1.7290947921800557,1.7553698614772026,0.10678495153606045,0.20750378554203353
AP012337,0.6007323278561912,0.7058666651772874,0.772,0.578,3.3101385185666903,3.5796545105566215,2.191584834493074,3.0902111324376196
CP000013,0.28573234762985067,0.19650432473172308,0.751,0.503,8.359776780829412,10.931399888455102,15.176715176715176,10.131994794571481
CP000513,0.4512870429935244,0.42594642408306105,0.7204999999999999,0.4875,5.5918162419982425,4.934924078091107,7.449479101292833,6.080531453362256
CP001279,0.33601166286075523,0.2698629365632591,0.761,0.4025,6.118098486463441,8.55539971949509,12.833084630142826,8.991740688795387
CP002548,0.28398846919382925,0.19629602602059965,0.771,0.47,7.724803862401931,7.524875621890548,11.949305974652987,8.76865671641791
CP003837,0.413600320616942,0.35736707887158986,0.734,0.478,6.20815581253804,7.3950204384987,10.712111990261716,9.10442214790041
CU207366,0.3731572708755433,0.31165564004622404,0.716,0.495,7.374622170131392,7.62449165315815,12.121399050027758,8.255837101498734
LN614830,0.40906020014129235,0.3508092104380562,0.715,0.568,6.610698430838204,6.4814279937611925,10.078677860313832,8.136445034948876
AE005174,0.5110885971639887,0.543531393766604,0.526,0.193,4.345390814150978,6.195693237627503,6.522603259494814,8.203772049635292
AE017180,0.6168454707792773,0.7768075741058033,0.802,0.5435000000000001,2.6421838315169777,4.345693038628382,1.1651540105827523,4.856951043172898
AM711867,0.7295959287531807,0.9566704814719907,0.84,0.469,1.4272458132649903,2.1246529155097185,0.10163050682691882,1.5445259817532726
AP011112,0.4421403158560454,0.4638958714164295,0.789,0.618,8.984469788886193,8.521598808341608,5.9754913855860226,6.001737835153922
AP012338,0.7335877028699941,0.9480205208508778,0.843,0.581,2.3089882073134476,1.8270197787462288,0.12882766821920524,0.17599731813610459
CP000030,0.4990689403074542,0.5266328823760618,0.742,0.5965,6.087151841868823,5.59363254477117,7.199011680143755,5.847888569533495
CP000569,0.4243360553225925,0.3846206613773524,0.642,0.3125,7.414308314290737,7.409025381154165,8.258041835120407,6.644532785811017
CP001357,0.28113613211296085,0.15726357229294236,0.821,0.6275,10.498147385755455,11.645785876993166,14.368052696582955,12.946089597570236
CP002563,0.35998655170719857,0.25742434580434426,0.681,0.375,7.309250506414585,8.321470695896206,11.027177582714383,8.3580754057022
CP003869,0.45950560959959086,0.48337100342328193,0.725,0.589,4.797779540047581,5.1431231091459155,7.077716098334655,5.492203863160344
CU466930,0.38283185467031455,0.3263528063081904,0.765,0.637,6.803372939823687,7.0182394924662965,9.045611345343044,8.822363203806502
AE017196,0.3551746451419531,0.2763908435448545,0.7,0.469,9.129383313180169,8.733220182070669,12.176541717049577,7.9308748649899705
AM743169,0.6683198627595655,0.8425465163915578,0.8505,0.385,3.0070168461123266,3.0306201469264744,1.1235476264878839,2.6099332342661006
AP011529,0.3113299525854214,0.21676829445682466,0.7605,0.594,9.65175888280007,9.887507400828893,13.399328265865298,11.293664890467733
AP012547,0.638700953420807,0.8084530422893197,0.854,0.571,3.085531574740208,3.7712287712287713,0.495603517186251,1.5234765234765235
CP000031,0.6488704425682323,0.8104789407016101,0.67,0.3265,3.477139939396983,3.3016181093225883,1.3041367418344967,2.582224003713002
CP000747,0.7171859115179123,0.9431111524462162,0.841,0.511,2.9914803664083016,2.4343369634849457,0.21138940490679647,0.744714926329276
CP001397,0.3601066706556256,0.2700716049866876,0.715,0.496,8.833206039598144,8.145752018392772,12.364138417249281,8.669732128535529
CP002568,0.6784351383952834,0.8744673589276849,0.801,0.485,2.6330285336564945,2.5586854460093895,0.3194888178913738,0.9272300469483568
CP003881,0.45362902252663184,0.41630115897406106,0.753,0.599,7.569596496715671,7.769168026101142,10.541132311542071,7.809951060358891
CU469464,0.22481527932722178,0.10059225069165427,0.805,0.596,10.289057123193393,10.824603814128391,14.969029593943564,12.704807950577491
AE005674,0.5211598600497794,0.5599895848807185,0.542,0.211,4.416996503981149,5.727132579650565,6.485345982658514,6.9527235354573484
AE017262,0.3858917127693095,0.30149373009437175,0.7115,0.3935,6.040031743232519,6.939726293312627,9.849219645533903,7.832670096088518
AM746676,0.7169232631401354,0.9184638557267096,0.823,0.3995,1.8324170405175073,2.0843684583492843,0.14515696677574513,1.4351923499849313
AP011615,0.44647599438610336,0.40794447067354667,0.773,0.624,5.704050702672912,7.272542854244853,8.735188757233399,7.617405416370829
AP012548,0.26665356414460356,0.145959881522365,0.76,0.574,9.879638916750253,10.034110289937464,9.528585757271816,9.19556566230813
CP000061,0.2869355751848719,0.19339843158428424,0.806,0.5545,7.71391529818496,8.430071862907683,12.878133102852203,9.203980099502488
CP000806,0.3878220883883853,0.3004771614950684,0.771,0.571,7.8231292517006805,7.5524107482237355,10.206411331655952,9.280430396772024
CP001472,0.6120668343052386,0.7425864780737043,0.753,0.336,2.3874387954202407,3.746604099777723,2.1426204763833154,3.3761422573474933
CP002638,0.7140316982797296,0.9070924296507487,0.858,0.5865,1.6402405686167305,1.8393623543838138,0.8747949699289229,0.8583690987124464
CP003903,0.32035736021804134,0.19716038876696376,0.749,0.592,9.293333333333335,9.388646288209607,10.853333333333333,9.96568933250156
FM178379,0.40011905844612194,0.3115024322610844,0.683,0.342,5.838954468802698,7.279350674250655,11.482925801011806,9.624848213715088
AE006468,0.5343442464316047,0.5945739223362471,0.516,0.215,4.163679637541938,5.585616292445997,6.186734723138244,6.723190319969324
AE017282,0.640590072203758,0.8021081490463622,0.8365,0.546,2.659501171282899,2.9997438852605964,0.6545404437095218,2.2794211806889484
AM747720,0.6746634314458473,0.8743249764880737,0.8005,0.3795,3.7336167198016295,3.203274458335187,0.3152674459794545,2.600436001245718
AP012027,0.368108461511992,0.2743217696502275,0.6795,0.366,5.712979890310786,7.359943565927929,10.948146917068305,9.170536711539592
AP013063,0.613615790302267,0.7811315713797816,0.6585000000000001,0.372,4.258099811561607,4.296517909083354,2.935991733025348,2.7216820410537688
CP000082,0.4468513584308335,0.4080060454965994,0.7324999999999999,0.492,5.329883570504528,5.963302752293578,11.228978007761965,8.124558927311222
CP000828,0.4844772391389095,0.47439316274494,0.771,0.5905,5.075591700552601,5.963908450704226,6.03690960275258,7.137617370892019
CP001560,0.577411456063147,0.6799839912116363,0.557,0.272,4.175962623690911,4.351916376306621,6.330874826110922,4.585365853658536
CP002734,0.6675610919692553,0.8498604718433882,0.745,0.438,2.1546261089987326,2.9228855721393034,0.7604562737642585,1.1069651741293534
CP003978,0.31472566450031403,0.18227570933795126,0.7525,0.5954999999999999,9.478921183555904,10.304173543975477,13.668499607227023,10.634284366894601
FN667741,0.4642116642798978,0.45172103608790415,0.591,0.318,4.44739203370655,5.970954764007457,8.992314594468068,6.186831518006084
AE006470,0.5775454801488229,0.7261771559542367,0.774,0.419,2.9256228787918652,5.007422068283028,1.825883343418664,5.393369619000494
AE017285,0.6353530661438876,0.780466201985313,0.724,0.25,2.196070803345653,3.431890179514255,1.355767360435713,4.573653643083421
AM889285,0.6722149122009908,0.8346480955927734,0.75,0.269,2.9690357982754114,3.5683699685983443,0.6107917428795401,3.789608906651442
AP012029,0.5445027880183828,0.6016281344645309,0.787,0.489,3.032770201506208,5.4979253112033195,2.4221453287197234,4.9896265560165975
AP013066,0.5713272503943043,0.6772950757942527,0.793,0.581,3.8481360590963756,4.514094224324857,2.3191891427589764,3.942440370589395
CP000083,0.3891172153445077,0.3010327731488269,0.68,0.383,6.572348107366323,8.049889438246913,13.3750469686821,9.796516683644313
CP000830,0.6646414737119225,0.8468803019515152,0.75,0.4105,3.3981464655642375,3.4048384546460757,0.5996729056878066,1.6549833974595476
CP001614,0.5179313110288861,0.556005215699012,0.723,0.461,4.007200438287548,4.375050172593722,5.854269390310714,4.7603756923817935
CP002745,0.6102393416644414,0.7605361425765507,0.759,0.452,3.474407818452874,3.913928840572739,1.7848269007785325,3.5740054836692483
CP003984,0.5437501433692861,0.5872815694032312,0.776,0.582,3.59432359870692,5.141431891616122,5.23806914689606,5.328496117000171
FO082060,0.4964888193139465,0.5456997336997564,0.773,0.6625000000000001,4.4981412639405205,4.477374123645634,5.492565055762082,3.6089866156787767
AE006914,0.32919308564829197,0.2326641197335821,0.741,0.47,9.512725015518312,9.197976279339802,13.764742396027312,11.652981670398937
AE017340,0.4754909171211677,0.4683180934744903,0.663,0.435,5.014262908586533,6.24613056338997,9.518201564994374,7.8386186971177
AM942759,0.40240366840040714,0.3128113692845256,0.5974999999999999,0.331,6.322083670255776,6.991193319463049,11.692982082819082,9.009034685211047
AP012032,0.5492310226175056,0.6160877807552767,0.7095,0.464,4.157465194431109,5.084585354312079,6.450312049927988,6.830710990181001
AP013357,0.40217543872553074,0.30488994714069134,0.668,0.36,5.688168782220682,6.44843980545385,11.133734783173765,8.202634023717142
CP000113,0.6923591682930633,0.8871152931249114,0.8325,0.49,2.421174605110691,2.2061913433253957,0.7562358968103922,1.162627819022272
CP001698,0.6244544159101809,0.8090438307496474,0.785,0.531,3.0541636840849438,3.789473684210526,0.7396802672393223,2.0210526315789474
CP002786,0.6262684309036926,0.7188231295413161,0.6944999999999999,0.499,2.4584034398953074,3.0196552102778083,3.131426434847635,3.469858350719227
CP004142,0.5721069183196791,0.6730009812911217,0.647,0.308,4.2093630701225635,4.470492026713916,6.0377737592927465,3.966198718822407
FO117623,0.7317109894425325,0.934907287106583,0.857,0.588,1.8649739198897746,1.6400444178696505,0.38382049010924124,0.6833518407790211
AE007869,0.6034617166843841,0.7308297232068022,0.697,0.339,2.8056980056980056,3.318298969072165,2.2746438746438744,2.969286941580756
AE017354,0.38995845673844803,0.32884681905008245,0.6964999999999999,0.535,7.2202948829141365,6.378355460158466,10.695700656672035,7.745713755730451
AP006618,0.7128093803336676,0.9123049795278015,0.782,0.3905,2.1901150627615062,1.9308532147189648,0.42167887029288703,0.7076425394257987
AP012035,0.6833944110584848,0.8557262296516006,0.808,0.407,2.6334776334776335,2.869571853773945,0.3126503126503127,1.5797908875829962
AP014521,0.2618356253088629,0.1159595690234309,0.772,0.593,9.487991554499867,9.87864998103906,12.443916600686196,11.755783086841108
CP000141,0.42478541301885087,0.404277055670392,0.744,0.567,8.096071258151742,7.298596610498714,7.571178622554477,7.177196134608848
CP000922,0.42138099835927795,0.3809169328834457,0.672,0.422,6.062261059530312,6.052974381241859,6.599308210449664,6.052974381241859
CP001810,0.4086015553043133,0.37147244141159735,0.729,0.3075,2.7329717545960412,6.482007960360653,12.164541804606607,8.967589960198197
CP002831,0.4659227751233345,0.4814329744493539,0.728,0.47,5.91229444009397,5.505175414491161,7.351213782302271,5.09297426032793
CP004349,0.3108352694317101,0.18513430762641217,0.7845,0.5705,9.879852125693162,10.012989824637367,11.173752310536045,10.90062784152414
FO203431,0.743801861054942,0.9582204011052008,0.871,0.663,1.7401081544145205,1.615333614610331,0.3105423783262837,0.4580796817551685
AE008922,0.657717196004555,0.8177062708576948,0.79,0.3585,2.5849416888916945,3.1389030877870545,0.8695377720264491,3.1275439692546527
AJ749949,0.3306951149829824,0.215001215001215,0.709,0.51,8.130514146638273,10.053797247257737,15.584119257681778,11.597848110109691
AP006628,0.2952193668710262,0.20185302889551654,0.773,0.547,8.11672779461011,8.014282880380875,13.347153564024877,9.799642927990478
AP012044,0.5468916209984743,0.6568285782801708,0.672,0.3405,3.6738181127776723,5.2234605426094785,2.771976457186254,4.548013058651357
AP014568,0.6666820329410238,0.8415659478274272,0.803,0.55,2.736394040741867,2.9400461183704842,0.36485253876558227,1.0953112990007685
CP000142,0.5611824672943827,0.64807612280281,0.796,0.601,2.625047728140512,3.3014302613184214,2.553455517373043,4.2585224217657816
CP000930,0.5805251041633309,0.706513253103816,0.707,0.324,2.8817856657762486,5.166145260843832,2.2162357948114275,6.5062991460218145
CP001850,0.44903720391751933,0.4425251321331669,0.73,0.556,5.034913634693127,5.50839464252028,8.324145534729878,7.4891529900018865
CP004388,0.5562611443905563,0.6135211739364808,0.783,0.369,2.1570610043815304,3.72507869884575,4.8870913380519045,6.033578174186778
FO203503,0.42312292934071083,0.4167706495075296,0.699,0.5595000000000001,5.019546520719312,4.835454827693263,9.392754756320041,5.78624650729587
AE009952,0.4894900410228854,0.4981972957424639,0.591,0.335,4.728652334084786,6.375088297621851,8.834148934220414,7.511184365434424
AJ965256,0.48207376467538104,0.4906053772298219,0.742,0.564,6.592615447907025,6.942817591310829,6.77774349480613,6.729847726546693
AP006725,0.5887586362300641,0.7141771204735975,0.551,0.239,4.06672786047811,5.0596942596590155,4.890183714464355,6.196308207410018
AP012046,0.3671226458764087,0.27374871024637987,0.709,0.5215000000000001,6.651532349602724,7.873746581586143,11.532349602724176,8.785323609845031
AP014624,0.36811260661382844,0.31403135949283195,0.6325000000000001,0.33,7.880831928049466,6.926726410121244,9.319842608206859,7.453874538745388
CP000143,0.6920597266841123,0.8916234445369362,0.735,0.3915,3.3491621387151267,2.7057991036829865,0.36071412264280167,2.1194864710044814
CP000934,0.5275602168498339,0.5787518389762559,0.661,0.383,3.976962124170246,5.038812167163101,5.390472471690746,7.207329181334055
CP001928,0.4438299284077071,0.44507304659986824,0.76,0.621,5.4706905116741185,5.369850187265918,7.507451564828615,5.0187265917602994
CP002901,0.5729155527038107,0.6381017377515953,0.721,0.491,3.771364527878958,4.839216807203087,2.7542729055757915,3.7701872230956126
CP004393,0.6659922631345345,0.8498344587925212,0.7315,0.375,2.959014300306435,3.1170594510716714,0.4628447395301328,2.1860149355057708
FO538765,0.6022524344810193,0.731215229699408,0.7575000000000001,0.4825,2.855685874553799,3.5987098964522155,1.7629489327602534,2.2067560685791885
AE010300,0.3667156589291172,0.2969496040010768,0.728,0.534,6.646733442966064,7.449371622061601,7.193900433547616,6.720062512209416
AL111168,0.30877825915922813,0.19118383205937037,0.726,0.509,8.704214257581725,9.275346678897103,13.279506367336221,12.469648734689473
AP006840,0.6941859130153899,0.9074406850634804,0.798,0.3705,2.820338213596641,3.0867373186541824,0.5636893277342716,2.093836814487087
AP012050,0.36308659420694583,0.260522850177926,0.713,0.465,6.659120920581023,8.05799388499852,12.73344651952462,10.119341157905119
AP014800,0.6734074549850696,0.8471406795572065,0.7745,0.4935,3.4431752814528718,2.9912451361867705,0.8217602103706139,1.3983463035019454
CP000154,0.4691894185237652,0.4721245257696696,0.677,0.392,5.328241498454264,5.789473684210526,8.074195308237861,6.087719298245614
CP000975,0.4584293514695225,0.4710277792416178,0.764,0.659,5.613117392616437,4.523580365736285,5.603058042450457,3.864662767453913
CP001992,0.5600950663516638,0.6138090976694942,0.734,0.447,3.276055885659226,3.7767661439892097,4.512606391520796,4.636654864272467
CP002972,0.6041223525966062,0.7048551943473279,0.709,0.373,3.4584539986633995,3.6055578354927595,3.4862998440632658,3.564518965820484
CP004885,0.5963702436640625,0.6997073823813043,0.853,0.717,2.462864124493602,3.416701992369648,1.2732300173622275,3.4082238236540907
FP476056,0.43637750038035483,0.46641491704311044,0.704,0.527,6.723976088137937,6.392558507743308,8.413615928066795,4.784523279402305
AE013218,0.26365609063986933,0.12412520317861658,0.8045,0.613,9.94528484068233,10.372064019954273,12.841969745735437,10.829349407607566
AL591688,0.6361522829947399,0.7985429404089324,0.714,0.376,2.7123399777868706,3.0637577032039487,0.8339666023655034,2.354040713805894
AP008231,0.5619915854699726,0.6020872020789899,0.786,0.561,3.472159755329675,4.487270658512302,3.8499595214536293,5.070402503200113
AP012051,0.3552554830089923,0.2724610080725724,0.71,0.5874999999999999,7.237871674491394,6.312229945519444,9.663536776212833,9.242908134510614
BA000019,0.42463893915370765,0.3522633383655748,0.738,0.583,7.114061653863897,7.268058953156904,9.119717603642272,7.229646402361361
CP000155,0.5488928843931072,0.6387101297013298,0.712,0.524,4.142809026608285,5.331092950431528,5.577635567531155,5.438020316199496
CP001085,0.295509165653558,0.2113456206165389,0.756,0.599,8.859014133057567,8.954635108481263,8.583247156153051,8.599605522682445
CP002000,0.7195853929339964,0.9334107006785036,0.838,0.5275000000000001,2.0674344387401136,2.163352548740203,0.3330095740252532,0.524645378586696
CP002987,0.4041698269946184,0.37584098502617175,0.6645000000000001,0.463,5.761778502957373,5.803736588975213,10.23862941056496,7.972623011468738
CP005287,0.640371594382509,0.7938169763948674,0.8009999999999999,0.3665,1.9753086419753085,1.752021563342318,2.551440329218107,3.9083557951482475
FP565575,0.5912825395962832,0.6964575265164851,0.8055000000000001,0.647,3.35401643468053,4.245349992900753,2.708368271004528,4.174357518103081
AE014184,0.4653052129049802,0.4233201116831653,0.699,0.558,4.184744576627012,6.524942117448958,7.795661301609518,6.893285624079141
AL646052,0.6778498526219271,0.8805017646555667,0.81,0.3705,2.980199695379929,2.9161084347652575,0.5804704687764427,2.40301017644879
AP008955,0.47972060906778213,0.5073885027552714,0.597,0.288,5.642660610560335,5.244566550556836,5.350045857535921,4.0474905558553695
AP012052,0.7051853300755112,0.903733139353632,0.8534999999999999,0.541,1.4757897304549334,1.8124315776669504,0.6342236858153433,0.6081985159956209
BA000021,0.23699869094371057,0.11592501778067353,0.804,0.597,12.073452862926548,12.344766410408042,13.41816078658184,10.718509757539916
CP000158,0.6244949954939555,0.7463078065575984,0.736,0.3815,2.7496176146266853,3.520359526079259,2.3281044356703307,3.8835171818965906
CP001087,0.49783380163404967,0.5542048631097473,0.747,0.611,3.4024726678246653,5.1334190978130065,5.994346241613024,5.3741129601195174
CP002005,0.4303983649885132,0.38032974780664547,0.6964999999999999,0.4,4.709369339700313,5.594850194707145,10.851309072945826,8.61479774298657
CP003040,0.4944440024649826,0.568484410852308,0.766,0.378,6.189821182943604,5.675675675675675,5.364511691884457,3.603603603603603
CP005957,0.48987350133764906,0.485456069940777,0.7255,0.508,3.0256606664113366,5.267034990791897,7.353504404442742,7.771639042357275
FP565809,0.33835683177587106,0.23670747398056027,0.763,0.504,8.908045977011495,11.053154495777447,10.632183908045977,9.786388474913066
AE014295,0.6095322551350766,0.762778144793405,0.758,0.17,2.439815190078625,3.6422727782136053,1.966982788900597,4.723747618513952
AL954747,0.5165338774045255,0.5426247627891952,0.7404999999999999,0.6,4.465315537979897,3.2737568571934172,6.780359202504531,3.158732967616351
AP008957,0.6287968661727166,0.7462911834504758,0.7755000000000001,0.406,1.6094999754649393,2.9001705982704866,1.2807301634035035,1.688334607918113
AP012057,0.6759147180853656,0.8610815411162172,0.769,0.493,1.5589477102955505,1.8674541822287847,0.8769080870412471,0.7990966733258056
BA000028,0.36184658628074096,0.25500924738680075,0.666,0.4175,7.54208930252013,8.16682156133829,10.760221687754889,8.114544609665426
CP000159,0.6709266060467904,0.8560203360074127,0.8314999999999999,0.47,2.173243189356727,2.4958170663692134,0.6198908847039205,2.532069157836029
CP001135,0.6109921879171745,0.7558851146663308,0.6365000000000001,0.3285,4.097238992191902,4.061624649859945,4.5641149480801735,3.9408866995073897
CP002006,0.4902615553699334,0.5654945860591022,0.72,0.336,4.554495499443751,7.057201571157298,6.990189798739171,8.404651041802149
CP003171,0.6246365415801597,0.7845429501725156,0.767,0.421,3.673469387755102,3.597497393117831,2.3529411764705883,2.059436913451512
CP006745,0.4126661050997745,0.31202940739317525,0.716,0.591,7.2633552014995315,8.788046485888211,10.731021555763824,8.810182623132263
FP929003,0.593956582959828,0.705320101193178,0.839,0.637,3.43660415155597,3.754222540689937,2.08786654232722,4.342819121711536
AE014299,0.47176297042904913,0.4661001018868819,0.758,0.578,6.134726936407881,6.0769972484184285,9.394249591437243,7.6268196890948
AM167904,0.622031389137278,0.7461080605312209,0.6935,0.313,2.910775139796283,3.4115588803088803,2.1011805019486753,3.387427606177606
AP009152,0.7130730072847238,0.9337055625965257,0.826,0.54,1.9362280629480102,1.792376317923763,0.4531597594133641,0.900243309002433
AP012157,0.39557617084160246,0.3348712646247857,0.6094999999999999,0.266,7.46144917924059,7.559658596063404,8.572376057038634,5.887476049468734
BA000039,0.5464356762695941,0.5815611592139702,0.693,0.465,3.587231886505658,4.7969782813975455,5.441648370207735,5.45420207743154
CP000237,0.4148670515612202,0.374023974044828,0.696,0.526,6.898806604544711,8.085733726468588,9.367336929867582,6.611476525289182
CP001145,0.4499245474744258,0.4382899365197483,0.801,0.712,6.650485436893204,8.723653395784543,7.79126213592233,5.7377049180327875
CP002018,0.6231281271269495,0.742854654509103,0.689,0.365,3.486511833177029,3.5964353914704006,2.6452253544436477,3.19462126034373
CP003230,0.4257855426363625,0.37044569856551146,0.6595,0.471,6.535385995067633,6.5763407386444035,11.703161198714596,8.051507004386586
CP006772,0.42177885282775956,0.4231257753702374,0.74,0.57,5.416968340683209,6.94752915047196,7.8062265517014415,6.385341476957246
FQ311875,0.6037624271456467,0.7161797525641723,0.768,0.305,3.1696946269810593,3.4204275534441804,2.7908774642442986,3.7608867775138557
AE015450,0.3208673839471988,0.23328942924687607,0.74,0.519,7.52697453603798,8.549441281889099,16.089771255934398,13.820366856419987
AM180252,0.3478352389691352,0.18319929893677248,0.752,0.569,6.6990440949737895,6.890864764090062,11.308973172987974,9.422056503656963
AP009153,0.646064566209456,0.7706950557474795,0.73,0.42,2.579982305431091,2.395176044505843,1.4312623077142612,1.782847328529291
AP012159,0.6212990621794541,0.7207504752458881,0.777,0.33,3.505447655139744,3.6126056879323594,4.452865940312647,5.22674865488086
BA000043,0.5306091002789196,0.6186783955595854,0.701,0.407,3.6183974986275866,6.294975090718986,3.322433587130343,6.790085491112614
CP000238,0.3438911115163086,0.1949906127784562,0.721,0.506,10.107238605898123,9.622238061297221,11.970509383378017,10.848182466143978
CP001146,0.3387181566066459,0.24850904471628543,0.769,0.5954999999999999,10.335641981885988,11.158623498269192,10.948321790090569,8.71512930156791
CP002039,0.6432979371194518,0.8261584162231956,0.821,0.466,3.1278647647684354,2.9414591944631354,1.4850940559568773,2.061905219648178
CP003236,0.6869195706932775,0.8508341623500624,0.755,0.409,3.265151060724212,3.1209593590751212,0.8537780177153941,1.9445782521613468
CP007452,0.44981215249239126,0.4824710145151758,0.702,0.407,8.897856575813707,7.787181001115266,6.364117491399841,5.9240307026175945
FQ312005,0.37080288311749293,0.30503963078732654,0.71,0.424,6.165694597698561,7.063135558188883,13.117301326367466,10.8633946041282
AE015924,0.4946300756189419,0.5473122169687745,0.728,0.519,5.176923635835211,4.754988633493306,3.9707912519072877,4.249810558221773
AM180355,0.30129249976886013,0.17444363139162578,0.736,0.426,12.218890554722638,11.05959019988721,12.574962518740628,10.39538818221693
AP009178,0.3987444009332109,0.3746996927724637,0.6955,0.53,5.992880638039021,5.999070631970261,9.453431262109675,5.873605947955391
AP012204,0.6774628100764005,0.8435950451464371,0.7055,0.4135,2.845152132321175,2.5,0.9134110967104858,1.334688346883469
BA000045,0.6297900872009091,0.7694418989525743,0.699,0.331,2.1935653229643486,3.721614333786464,0.9958819379501567,3.770641588483052
CP000245,0.7052168535263216,0.9303957006810952,0.86,0.558,2.9422343716279404,2.244645799011532,0.1582619955398892,0.6280889621087314
CP001147,0.3421448165336323,0.23341923277136084,0.758,0.57,8.25442201179203,8.11203593605496,11.130963015901376,8.984013740256309
CP002124,0.5488939651079391,0.6183988232901886,0.603,0.3285,4.110718880934314,5.337004488364199,6.637854244333741,6.675970278731189
CP003389,0.7025445458142926,0.9213697750999668,0.818,0.477,2.3737521542613726,1.905267146646457,0.5901863232855331,0.8669950738916256
CP008713,0.28338520583969,0.17983154695638748,0.755,0.553,11.174603174603174,10.502042429832652,16.619047619047617,12.755303729081566
FR872580,0.3981030144049393,0.33700434269617807,0.726,0.595,5.572906500097599,6.423562412342215,7.427288698028499,6.685366993922393
