acc,gc,gc2,a,c,g,t
AE000511,0.7920973750724921,0.3246625315498513,0.83751677825,1.50104339395,1.55614914362,0.643692897702
AE006914,0.6570454930362007,0.32610984150387023,1.14079134257,0.575303785457,1.01840010285,1.09188444709
AE016877,0.7182628481771968,0.33925585833511956,1.15494027066,0.459941816316,1.28663855501,1.03674604829
AM167904,1.2432662432917552,0.4608472330119271,0.363696487816,1.78334254462,1.46611547631,0.521962543001
AP008230,0.9704106325109279,0.3824541833462044,0.698552860988,1.43735271298,1.38904288133,0.786630561817
AP011540,1.2207689844577452,0.45945920916153343,0.229483445202,1.63146766024,1.34815190687,0.896201483682
AP012292,1.0357721884471827,0.37912617924925573,0.585599644241,1.30201987945,1.78617673321,0.792152838076
AP014648,1.2677295167535272,0.45575443401475674,0.312324077898,1.76776817232,1.9079041564,0.303460941684
CP000082,0.8927055198288874,0.39021580621344587,0.780848219902,0.950826326995,1.33428584806,1.08659627394
CP000230,1.3233260120477908,0.4830956645351396,0.216174520391,2.22043138714,1.39413524685,0.171544860504
CP000386,1.4199848379825788,0.48731390313953027,0.227362497688,2.02593670347,1.75993716799,0.0825210524058
CP000512,1.3816964374783551,0.48984184238330913,0.205499277925,1.922098914,1.70036450384,0.206241620471
CP000774,1.2558467981609682,0.4587271306564102,0.427712639804,1.44994840248,2.1650204376,0.296730912926
CP000934,1.0541239175687884,0.4164166893918735,0.64988326224,1.32626949252,1.20174389117,0.966287626359
CP001135,1.2207552773013044,0.43419339739245594,0.367795278126,1.91504980206,1.63709447873,0.419656772781
CP001614,1.0347787816731062,0.41435554578228423,0.705563799449,1.27049055905,1.2233186046,0.943442621818
CP001685,0.6161270413768652,0.29342338504866333,1.21920770844,0.407310149064,0.927357972574,1.06407016072
CP001779,0.5237840807740735,0.2873710193685613,1.23993021047,0.202446181519,0.71007232899,1.22093675883
CP001874,1.4506908192265489,0.5029160586147642,0.087852601046,2.44909640819,1.23201765289,0.0525281372805
CP002040,1.4610918483770863,0.5109232411690984,0.0981620953305,2.3657569239,1.23952446245,0.0716719289278
CP002209,1.2239259698346836,0.42505239926815425,0.338985399268,2.04746951038,1.46045730309,0.49851051359
CP002403,0.9072923689131804,0.37034510980766605,0.977149026634,1.11445181851,1.35969833247,0.740293184998
CP002546,1.1377533440022978,0.43034880772373374,0.545643676085,1.42589054995,1.35357202828,0.867919294995
CP002786,1.2510803267832,0.4806266142161984,0.474211015246,1.4748793033,1.55779142717,0.573851297596
CP003154,1.2678513006172583,0.4565100806408989,0.291915862843,2.11194661905,1.31468185898,0.433522214201
CP003418,0.6863731876257697,0.33290807336715783,1.07539987417,0.602178388194,0.823726606858,1.23829680943
CP003740,1.107244343826754,0.4457782991202346,0.676684477652,1.42021766465,1.47982247176,0.61084130747
CP004393,1.330809481179542,0.47012490306648697,0.289657514551,1.97382601074,1.7522983233,0.160331065771
CP007161,0.7614540559636725,0.34030709803883885,1.00427210062,0.653004923202,1.2487633034,1.09906719373
CP009415,0.6329960096364892,0.31055731937231484,1.08217196261,0.579163617413,0.778764150735,1.22159913468
FM178379,0.7993600128646846,0.37277977768107917,0.89463138647,0.777007547238,1.24892658442,1.14073055285
FR872582,0.8493982392745576,0.36547779318289897,1.03082193981,0.922164814824,1.1234675746,0.960356642266
AE000512,0.9279034167145046,0.3438946170557605,1.16188958525,1.16152563469,1.72595982268,0.40304572391
AE007869,1.2056602544931843,0.4438064056353911,0.4721592452,1.46267329376,2.18882901681,0.317073931544
AE017126,0.7410821870799114,0.38200025637340396,1.1627840837,0.537873842426,0.799236629474,1.26352354008
AM180252,0.6951158752552807,0.3703099026359535,1.37707342348,0.393174404054,0.754819956992,1.16401566187
AP008231,1.1233655556008035,0.4429089952723656,0.517100635258,1.2708750848,1.32574363643,0.990737550812
AP011615,0.8921882926227284,0.3974588936256965,0.867980107348,0.90696470711,0.971194346341,1.22988855938
AP012319,1.4263954875315463,0.5091474782637752,0.155542227504,2.2443046294,1.27111446892,0.108613512646
AP014800,1.3457175626160334,0.4845698432232534,0.258331747621,2.10769095838,1.50637286958,0.154393424609
CP000083,0.7770597709799316,0.368544836101084,0.856773979388,0.813639956741,1.15089163368,1.20561236058
CP000232,1.1399399990076622,0.4256772252830772,0.697338358511,1.59458259633,1.25767658177,0.655618458072
CP000388,0.9091953390194646,0.3873158401848651,0.715896652102,1.24012601599,1.33993151095,0.932129283952
CP000513,0.9014930839157975,0.3895854681850699,0.798045126834,0.979243011136,1.35249850571,1.03154892375
CP000781,1.3593495662168813,0.4815446949250176,0.193314338741,1.68798227183,2.14639462673,0.18052764274
CP000975,0.9177805336709947,0.38255162366269924,0.973401706692,1.39813065977,1.19721916835,0.649542123324
CP001145,0.8985015659242744,0.3729196578777372,0.99555885112,1.00510339856,1.36640108331,0.81447269364
CP001616,0.9969396749905555,0.39886964380659,0.758151908707,1.26119384778,1.1929530044,0.932420810859
CP001686,1.437201685344728,0.4995539174106462,0.0574630105561,2.12890826745,1.62102473778,0.110892679718
CP001785,1.1998351062109993,0.42895560637762964,0.633234636609,1.5966807269,1.75498455461,0.37294573575
CP001896,1.2997510483289938,0.45409891758755083,0.211125450158,2.32510012883,1.33386644396,0.323185558781
CP002045,1.0744405815717704,0.4422410699437194,0.631280077746,1.13856639665,1.41367793622,0.964370563303
CP002271,1.35625739843236,0.4816559988578607,0.201686947944,1.40173327712,2.38670761552,0.257895837232
CP002432,1.1368387750378308,0.40693764888972883,0.534938976515,1.82813144235,1.30966097764,0.654440720139
CP002547,0.9476026043212447,0.3748490822984207,0.798306513014,1.38986574561,1.3484588843,0.755921046238
CP002810,1.482051884150678,0.5080554046989437,0.0510341172167,1.99453608946,1.81444196889,0.0456691915959
CP003156,0.8144015417644875,0.36212787168267935,0.875249008642,0.913210859276,1.2017755101,1.09504775214
CP003470,1.357749098664648,0.4720201109066736,0.188883048118,2.12778285331,1.58266547794,0.222871455543
CP003745,0.8324726993321777,0.3733180202474061,0.85621999783,0.906369414161,1.03769981739,1.19894541304
CP004885,1.1916974243577416,0.4491619692094243,0.464595719566,1.58944333623,1.55022872917,0.596996739667
CP007202,0.6872439159627731,0.336743241737609,1.0711272167,0.752428360796,0.773863949116,1.17959188857
CP009416,0.8630226619853176,0.35811417581790495,0.917767660935,0.848868332067,1.46709515712,0.966331851069
FN667741,0.9269638024679495,0.3906404182499707,0.894564067801,0.968074957775,1.18376941016,1.02702571408
HE717023,0.8491768873414298,0.35309205962172474,0.863940748404,0.943843897203,1.40775701658,0.987182517438
AE000513,1.3529912239448547,0.48017055602053527,0.263776325642,1.922006667,1.31685114932,0.520297099321
AE008691,0.7563071481940582,0.3279014108649619,1.21277074989,0.655695307212,1.47050017541,0.754454642688
AE017143,0.7756659692077075,0.3654988111107861,0.843142390933,0.825660643235,1.12559486052,1.22300795593
AM180355,0.6014355771308787,0.3109057969772488,1.22134846474,0.367571142555,0.805761465501,1.16935763285
AP008232,1.1252167389050942,0.42295570201763044,0.66111637064,1.37616731644,1.57483614685,0.656755742524
AP012027,0.7351064062739504,0.33253057873648056,0.904305193242,0.683729068154,1.30001194729,1.1612712631
AP012320,1.4307277795247966,0.4924825412274214,0.100085354441,1.75669225358,2.1814235246,0.0765051890076
AP014815,0.6693917616147599,0.3452063801670804,1.06205741231,0.567944726507,0.763173593135,1.3163666499
CP000088,1.3637067320584269,0.49029635087507556,0.288946716442,2.14744765143,1.26468646106,0.228180226876
CP000237,0.8282970746682116,0.3737231956302912,1.13159471812,0.71724541245,1.33090978783,0.8859977943
CP000390,1.2321666787385746,0.4590771391052228,0.430893377912,1.58969496407,1.88833734284,0.355851297866
CP000514,1.158582175350542,0.4233281925810828,0.50220818214,1.68942515452,1.37101827273,0.694799965489
CP000783,1.1587024283470735,0.4224058072491472,0.639292318216,1.37930782766,1.63099364509,0.642475670086
CP001013,1.3871241335383615,0.47699705125523784,0.142090170724,2.15114342851,1.69522279978,0.123036173022
CP001146,0.6763267863574244,0.3203141110771997,1.23210301726,0.557321032198,1.15242229906,0.922000191165
CP001618,1.4646610012708559,0.5143478318637601,0.0830794744421,1.78529180577,1.98855235857,0.0789154915501
CP001698,1.2478500105235193,0.4245571055796976,0.506172468031,1.50456855091,2.3088043407,0.217128225545
CP001792,0.9788699606317542,0.3808502048441602,0.591719238627,1.27535471712,1.60703612057,0.913037766352
CP001928,0.8866172603827955,0.3671309234392869,0.896228344125,1.18391476443,1.33460995602,0.810427516608
CP002046,0.6871709394925524,0.3436422659233591,1.03474224606,0.63057279258,0.940598523833,1.23694765256
CP002281,0.7081439031496701,0.32249114838370435,1.21896684869,0.632363110453,1.2409664887,0.850107266429
CP002444,1.0457856569922572,0.36944979231725433,0.68985308415,1.3915243157,2.36873003105,0.337267771298
CP002548,0.5696672511961205,0.2713983983820723,1.00743230893,0.650191978945,0.740326473782,1.26387895578
CP002825,0.6274436383958132,0.3317866446185493,1.17360080222,0.599348644683,0.650356333868,1.20703924844
CP003171,1.2481670505262175,0.42731324473737486,0.374355028225,2.24488923155,1.3112601974,0.407308277442
CP003488,0.8543966492762956,0.38335051383293894,0.859327147557,0.910685145232,1.27599629317,1.05851101044
CP003746,1.1287312737008592,0.4240705885266557,0.577354142142,1.53395046268,1.27542577188,0.800583244445
CP005287,1.2793631472864224,0.4672805709228006,0.281939813698,1.58829633451,1.9325782934,0.427283493386
CP007215,1.0995329806056051,0.4162665474957517,0.684155914644,1.37979572598,1.44407758572,0.732042100754
CP009450,1.2170204318207352,0.4319199044139399,0.430043625045,1.6794737859,1.67242693766,0.537066166869
FO082060,0.9924385757559978,0.39167761543697466,0.667219511889,1.54291528567,1.2806340701,0.782849877224
HE804045,1.4513123936456669,0.5086810431852993,0.104709322593,2.26124201838,1.37108294448,0.0678840039986
AE000516,1.3149463072197916,0.5026037405232223,0.330362872737,1.83697621176,1.3417363254,0.399404310932
AE008692,0.9555398389768507,0.4200228148163305,0.899399266363,1.04261048735,1.29982513743,0.883148058536
AE017180,1.2325796525329036,0.4390835939470696,0.453882226293,1.9189483735,1.56641781761,0.35909502507
AM236080,1.2409809522368778,0.45058134320841847,0.370055956487,1.62685632996,2.12839477619,0.263697240808
AP008955,0.9585389608672635,0.37769704806607274,0.792342788448,1.15934513534,1.63034459635,0.770270269826
AP012029,1.0884659064175883,0.41924667300160345,0.662658694919,1.34090768822,1.27520448997,0.87247382756
AP012332,0.842612754667868,0.3990656081911948,0.870302218979,0.778980851509,0.99825097515,1.32838068623
BA000012,1.2704333417265998,0.46350285006000125,0.35273969283,1.73391568744,1.93376185274,0.241310745434
CP000089,1.1985852625152893,0.4382173085726739,0.352803833945,1.82819371887,1.5280679399,0.548828584472
CP000238,0.686673888716084,0.35619260749579057,1.22789553654,0.4325031599,0.582153861454,1.32408906875
CP000393,0.7356045751316448,0.3633879603920259,1.09938570786,0.472086009871,0.783781207235,1.36341739706
CP000542,1.3129341579627622,0.4769605628073133,0.311419550429,1.99487625045,1.46816034953,0.296701166477
CP000806,0.7744217881985896,0.36716914712667326,1.01956930071,0.873250295614,0.988156447174,1.07162644795
CP001016,1.1662030486634314,0.45222461453223134,0.545729127451,1.61097536831,1.49649841881,0.525028783336
CP001147,0.6831314392071378,0.32984094905180233,1.332709664,0.534444317183,0.962324984581,0.93594511074
CP001619,1.052666841095748,0.38933417573169293,0.729668144878,1.69790965922,1.34594612448,0.565201584678
CP001699,0.9250585794215495,0.3827783549657404,0.951529002555,1.18789519331,1.24666212862,0.77605390798
CP001801,1.1108452374225757,0.4310504365614982,0.466516934327,1.52492639022,1.31864628828,0.85562994776
CP001931,0.9406476320795648,0.36035419492022036,0.964030720189,0.874545664201,2.03049239553,0.561778502673
CP002048,1.0320801287296133,0.39790214403518415,0.863332260422,1.3603186331,1.47156893029,0.59831756939
CP002287,1.3327769500312125,0.471143181823529,0.227285842327,1.96852596964,1.68997103213,0.256355654141
CP002446,1.410663658500799,0.4813546603944675,0.0646166761924,2.41063745791,1.46145379052,0.102508767091
CP002563,0.7187625767902477,0.3411299194387435,1.05769799202,0.666200206787,1.05849128913,1.12630014653
CP002829,0.61340462300735,0.3111208635836497,1.40449698065,0.351381649193,0.772886624685,1.00461250474
CP003178,0.917193068564702,0.37738585275880115,0.862298627486,1.36801958862,1.20652412745,0.769676645665
CP003493,1.3837658777811757,0.4920466278599967,0.200789287902,1.90290761867,1.72558868715,0.194086456477
CP003789,0.7326170994111441,0.3664372368217008,1.25616422264,0.490865452272,1.05932284643,1.06222878357
CP005957,0.9786367758981033,0.4113969545691355,0.909253991808,0.992317587057,1.42319741944,0.841074046943
CP007444,1.293713545906844,0.4612577691033493,0.203086527552,1.8979510327,1.82939547211,0.306347618285
CP009451,1.127405471244031,0.4158466821278967,0.567532337067,1.54425931179,1.54064342101,0.656888110605
FO117623,1.461776218500488,0.5145149070814208,0.0806497816645,2.26808500951,1.3051017481,0.0920715766217
HE956757,1.2765149504620037,0.47347832169725745,0.3608296277,1.49928910039,2.02067983637,0.346428745006
AE000520,1.0513495964197235,0.4359567043094301,0.917801445292,0.818853235744,1.59221462506,0.834584878156
AE008917,1.1664104600829037,0.44327781780545883,0.553412749863,1.41743800244,1.91601666744,0.447950563077
AE017196,0.7093473069256123,0.3376026858000208,1.1324336122,0.610562365839,1.10301442884,1.0330102003
AM260525,0.8153038688871397,0.38733186993588825,1.16020946208,0.664946755713,1.23241051664,0.949137867821
AP008957,1.256399040537025,0.4783079552257613,0.326856141856,1.75960227559,1.49138569521,0.466930410016
AP012032,1.098721890378172,0.4211599901888336,0.598300535017,1.37189930845,1.49931860661,0.771563702986
AP012333,1.185923990942324,0.4330557029275107,0.379864100286,1.96687484313,1.3708547011,0.520136406488
BA000019,0.8491923556237246,0.3915321989816477,0.99607954589,0.692490112445,0.867472789139,1.30588609219
CP000103,1.0978509626334165,0.42681435134922335,0.737494260906,1.32474699861,1.51219533614,0.656959589794
CP000245,1.4085526549117393,0.48065237836918245,0.122372288038,2.15067580014,1.71908808269,0.100532601344
CP000394,1.193326597172751,0.4765146258805117,0.587187589895,1.50444452035,1.45139559983,0.540248393308
CP000544,1.366639950783952,0.4675812174973297,0.138430030844,2.53598766286,1.1753068241,0.282592774053
CP000812,0.7740085781783986,0.3433706739007139,1.27176259207,0.759925906707,1.05834442256,0.853273852944
CP001022,0.9711767309316389,0.3781484330481103,0.806248508629,0.970178577406,1.89396839201,0.770492241395
CP001154,1.2662409107787258,0.45671332071474463,0.389695495215,1.94278955272,1.40661742312,0.421157095817
CP001628,1.464286839988941,0.5032572672015956,0.0498881687647,2.1396640434,1.60666396055,0.0699532595034
CP001700,1.40582949328161,0.5100068739596476,0.162896576779,1.97760069486,1.55532075527,0.15503988716
CP001802,1.3492001395118418,0.4933432719080392,0.198025294289,2.09527809586,1.36006136558,0.250505734761
CP001940,1.224729528011519,0.43051067508205443,0.39008080692,2.3122599381,1.10874164196,0.465964696086
CP002049,1.3755782392559728,0.4826958394691853,0.232747526891,1.84298576305,1.8686260974,0.179087546038
CP002292,1.2627566423118914,0.46370263295584546,0.413451234608,1.51262164939,2.0753230175,0.299490581123
CP002449,1.3813500689725862,0.47378150132516905,0.188546392523,2.10874306569,1.64310356129,0.179041535277
CP002568,1.3553381274931042,0.4746945323488045,0.184532863282,2.04136622843,1.77908691214,0.138923973954
CP002831,0.9302746443951525,0.37418273301555466,0.714473797862,1.16710587495,1.37233810754,0.995750660053
CP003198,0.9715207848817181,0.3883366020048193,0.851237678177,1.24975314534,1.70805863092,0.576675498106
CP003495,1.3883876331472806,0.4904214365773274,0.170486275798,2.22563973945,1.34789534707,0.251451825847
CP003837,0.825808780935754,0.3743403380202437,0.822542461593,1.01975371879,1.11389668201,1.11173373746
CP005990,1.2854993382944624,0.4659097352630192,0.288317527912,2.04506468676,1.30578660231,0.464222550866
CP007445,0.6997849259474879,0.3474222460769546,0.946762662162,0.622106896993,0.878243634327,1.3552371423
CP009621,0.9679002545253041,0.3742992201629543,0.748310965065,1.28889666911,1.57371920122,0.758900422497
FO203431,1.485342004101904,0.5203182044905571,0.0556112930617,2.30601370969,1.25899231013,0.0549211856198
HE983995,0.7538319902436691,0.35607466171907487,1.0242256188,0.876095356631,1.08957141131,1.01534769307
AE000657,0.8737458384995129,0.3246558161241395,0.980304986362,1.12255818063,2.0232742496,0.4861330512
AE008922,1.3128007704191085,0.47571902523187926,0.191181953384,2.09722021323,1.39514603334,0.367406192379
AE017198,0.6996902140093613,0.3403024314949411,0.796274917449,0.580629778071,1.02362201287,1.49858668423
AM286690,1.105844201786829,0.4209103304034735,0.594809696393,1.47662288183,1.34948210539,0.793688731706
AP008971,0.651556468832877,0.29999556760510315,1.11534272481,0.601133893607,0.934339991064,1.10535737339
AP012035,1.3655501843741618,0.49888837253514434,0.244210379654,1.9092930349,1.58817337699,0.217484283746
AP012334,0.9886983284312038,0.4239294898716481,0.691037405747,1.04958583388,1.10729093876,1.21779065501
BA000021,0.4729263358324408,0.28314790038843934,1.40948443422,0.317201948467,0.496415144182,1.05445472487
CP000107,0.6198793677380605,0.3274260824745548,1.27431088657,0.344754138621,0.9011471907,1.1220062484
CP000248,1.3120402907469408,0.4788321788986795,0.201281477949,1.99072057639,1.68697539953,0.217583337663
CP000411,0.7779847801982714,0.3496193128298363,0.814904372524,0.85956522949,1.13547442782,1.22764680674
CP000555,1.387962613729289,0.48003586115685376,0.110237600772,1.99391763076,1.89039742133,0.136221695777
CP000817,0.7603730919443656,0.3472533698257439,1.03861741656,0.57991720136,1.51819536447,1.00614645091
CP001032,1.3104540100860724,0.4752653630486599,0.322834006309,1.74283988255,1.69207879969,0.367627828741
CP001157,1.330783985412403,0.45663080183699184,0.235787195283,2.49355322078,1.20879306819,0.27528466044
CP001629,1.1930667035468112,0.4231838839932462,0.437795748392,2.28864757432,1.1542966298,0.417053918898
CP001706,1.171511580743971,0.47432788201822745,0.653312224012,1.27912997753,1.42292917038,0.738401427529
CP001804,1.3994131115185822,0.4901274036691357,0.174436350875,2.35543036056,1.17720116006,0.237521353534
CP001958,1.3454480859944276,0.48886764841457636,0.405489870801,2.02606227071,1.26791860527,0.241384902468
CP002082,0.6115146302504784,0.3022723107934763,1.01674625653,0.537997941699,0.823261199904,1.29996270493
CP002305,0.8190337198630379,0.3600157313196802,0.920363219094,0.971741808947,1.24233653059,0.983282268443
CP002452,1.101750523430249,0.3796731619120963,0.571390718123,2.01727526431,1.53828359769,0.453769320876
CP002584,0.8381057899270353,0.36301900581577085,0.891463985174,1.0418995398,1.25656189437,0.956886546869
CP002858,0.7754471975068626,0.3307269947178204,1.09674446351,0.881101550748,1.1734666739,0.878755681358
CP003230,0.8504591379126575,0.3793067222476688,0.868754127657,0.93203703895,1.37160298951,0.98768779456
CP003532,0.9141058615405778,0.37419917691511634,0.952502163683,1.0905008703,1.50108484181,0.726424047055
CP003869,0.9166007156452693,0.3677294694912144,0.806606020456,1.27003241812,1.33438329405,0.846953630209
CP006587,1.2731923431572978,0.43913924360576484,0.415390408154,1.60662410369,1.70992433163,0.565766063494
CP007446,0.8691624470663537,0.3847031272081239,0.863975686698,0.868889624227,0.835622862622,1.33029272459
CP009706,1.0066651595994505,0.4049978681747615,0.657379287176,1.2948779512,1.42707990804,0.857606874127
FO203503,0.84563876307547,0.35660148243393974,1.04433238449,1.13470449469,1.12330895873,0.804228541087
HF680312,0.9410410358431207,0.4035262100372398,0.738007300496,1.07803844956,1.32002432511,1.01699056045
AE000783,0.5786777269321777,0.28277811116337154,1.1705425691,0.627413379746,0.934441814147,1.01207876355
AE009951,0.5478707734777168,0.2986393964230399,1.33932989758,0.21644120606,0.603978512702,1.17281167865
AE017221,1.3935054546824297,0.44810458780453644,0.163563147145,1.82944013923,2.40669424124,0.0622746754777
AM398681,0.6654132935400682,0.32820691117653733,1.1811199966,0.77955514272,0.664461411061,1.07038388601
AP009152,1.4240676982835812,0.4931258893843089,0.0987317113575,2.3444245912,1.26491253573,0.138365495943
AP012044,1.0947108238024201,0.4114112627264081,0.634345327939,1.38048249958,1.62062051755,0.685928173761
AP012337,1.2008128327195784,0.4487196490170468,0.428048902448,1.75086985493,1.4876766816,0.530160617504
BA000028,0.7224601652602728,0.3390206239376338,1.06947816308,0.527142916432,1.17385502257,1.14200668738
CP000109,0.8802851334311228,0.36844070290332037,0.768008734368,0.977264891357,1.60537181579,0.970103717649
CP000249,1.4117401208955227,0.5279759267029805,0.206986583527,1.99806675652,1.30405155501,0.223222918177
CP000414,0.7669296279545594,0.357730928233799,0.909621252063,0.634488587571,1.23055165032,1.25170922125
CP000568,0.8072967864489151,0.34051724137931033,1.0252879154,0.938936332725,1.31632210237,0.84942301085
CP000822,1.0944244481922518,0.41522093903429885,0.632579623518,1.3956567052,1.5530370852,0.704037512425
CP001034,0.7357680608630446,0.33552930561498834,1.03131788224,0.682128609825,0.884254788892,1.21159440803
CP001196,1.2623591654197197,0.46243514600386937,0.313833925015,1.56218832259,2.15960849435,0.294071604346
CP001630,1.4813768195680526,0.5166269921695844,0.0574857084754,2.30698037392,1.32293486493,0.0394578469694
CP001707,0.8867131210875165,0.3721624422079702,0.726582039734,1.11596880978,1.25253223987,1.08086632416
CP001807,1.3059630165091225,0.44864479027620385,0.274880823176,2.12107422388,1.57513859957,0.307756111566
CP001964,1.4871911727684017,0.520942516771794,0.0797647839777,1.62797572923,2.19786955837,0.0575428343504
CP002083,1.2282181328743018,0.46096213840447303,0.436674819449,1.41226315663,2.18867537119,0.316001022178
CP002343,1.4189772278710169,0.49965479714944355,0.118098729522,1.96262735335,1.72840513984,0.152588314332
CP002453,0.6864089728807522,0.34137288402104926,1.05562713917,0.666288585942,0.983580418008,1.16441288477
CP002593,1.4692790655211563,0.5196241033081331,0.0737515730332,2.04691918923,1.59924371468,0.0656182187856
CP002859,0.9550493767658389,0.3806574114261093,0.806665846825,1.34398684982,1.39545085629,0.741109604297
CP003236,1.3717697652556262,0.49418737355397624,0.140852056177,2.11595032639,1.56931868952,0.135286391272
CP003549,0.7756105399546148,0.3772167807499807,1.03185394304,0.563531289487,0.789319178389,1.39372807908
CP003879,0.706656474168746,0.32923361094622433,0.980177643999,0.788081357244,1.0931217038,1.11274014882
CP006745,0.8243712534326838,0.4017043648455107,1.05320744501,0.694202463724,0.895768073117,1.22964467384
CP007451,0.8471450372921062,0.3492735889093224,0.970449253849,1.08107485561,0.974949936504,0.992920121098
CP009761,0.5781458150882949,0.2964134009699537,1.13701625766,0.352093090863,0.763797990807,1.26133995885
FO538765,1.2033738641828864,0.43955599582500565,0.365380333819,2.06591315622,1.31751849037,0.47407578666
HF951689,1.1041207330247444,0.4357533474222089,0.699122005128,1.32601485525,1.62141421416,0.602856123929
AE001273,0.8336509950017672,0.3902493872135645,1.11437375193,0.674050153411,1.17968603881,1.04333800616
AE009952,0.9782408377346785,0.4051101642012987,0.749425764654,1.14431720685,1.35803875068,0.922269982593
AE017262,0.7705839563974225,0.35104772649813726,1.09078433396,0.611774066255,1.15061830678,1.09448788708
AM406670,1.3656544678588314,0.47191776996541795,0.153555185993,1.97943695997,1.84790915787,0.195766485295
AP009153,1.2906787898334215,0.49205313538903905,0.270261033026,1.63470253089,1.6460125266,0.471720532886
AP012046,0.7332444358482968,0.33611253868107116,0.977117066483,0.736969377499,1.0382857094,1.17610226822
AP012338,1.4650445036559967,0.5149169287157911,0.0681313977402,1.93430086155,1.80938148122,0.06358208491
BA000039,1.0916994430702394,0.4295675453634845,0.544203958987,1.07227641283,1.55314469286,1.00311217515
CP000113,1.3834195803826816,0.48773321925170726,0.166021392996,1.00213554618,2.81811222157,0.325795533705
CP000251,1.4976831893236864,0.5197701830259103,0.0429700764906,1.68832404922,2.16047720953,0.0336343854549
CP000422,0.7588714499252616,0.3496817853761869,0.787101477595,0.685001307586,1.14892399788,1.37228820701
CP000569,0.8477061540763116,0.36935047454861414,0.775585536153,1.09116703357,1.17503752322,1.08471902328
CP000828,0.9684215626679352,0.40675896530347716,0.656852179643,1.03426844207,1.4641921805,1.0539198049
CP001055,0.8147491395300663,0.36369303368231254,1.12497426975,1.08768522199,1.11839850037,0.744030334461
CP001220,1.252316864163294,0.45249939094703673,0.285614031068,1.84662386188,1.53668689414,0.527495567067
CP001631,1.3683174039765225,0.49991601295441307,0.144844844994,2.05735496443,1.47773008549,0.225388136275
CP001708,0.7309507572554191,0.3171291658770339,1.06956214201,0.942649348986,0.974484321939,0.961729542542
CP001810,0.8162448454938239,0.3532305121645791,0.951164046252,0.881957214629,1.21368268275,1.0226799418
CP001965,1.164905131564653,0.41653920344446954,0.465893380275,1.81951285947,1.6767309436,0.45277342988
CP002084,1.1210287639196472,0.42488166099337055,0.796079140619,1.50660108994,1.22812190049,0.641345853559
CP002344,1.4512394980467704,0.517327261978138,0.116663646705,2.05437352406,1.54665014555,0.12023359757
CP002455,0.7342746408332599,0.32777196542968573,1.13190379171,0.824395780133,1.07529177802,0.922848666036
CP002606,0.749794356767097,0.32751840912885527,1.08151500808,0.931560763284,1.38015075888,0.782394069616
CP002899,0.7304756550953333,0.34399403034243176,0.797532912808,0.539218619723,1.31930578652,1.3826895016
CP003255,1.2337855388909793,0.4254417025899777,0.406828125816,1.78165400566,2.02246371028,0.276503815018
CP003555,1.1136473902992747,0.4373468919826709,0.632996815286,1.46823905288,1.26139442251,0.76848208539
CP003881,0.9061755543338831,0.3876865482141432,0.966259952503,0.966906425191,1.10379046292,0.996192724294
CP006772,0.8425728801579979,0.36154459295141483,1.01842082972,0.91598327827,1.37159602173,0.849801664068
CP007452,0.8984235613050069,0.35633658127539225,1.00664376382,1.17961368354,1.55756861124,0.581535455699
CP010048,0.6252302629918796,0.3321724692995333,1.19300360702,0.38659174692,0.80082527222,1.22939968695
FP476056,0.8720279848962528,0.35570485953357384,0.754002330687,1.49600436634,1.45970731421,0.712046651249
HG315671,0.6861043665918813,0.34016762237983533,1.05886136616,0.673207612354,0.842768159733,1.22000553422
AE001363,0.8272941584138341,0.38275076114262896,1.05545276431,0.722666668413,1.1496987193,1.07407453913
AE010300,0.733847653530149,0.3497383437471187,1.11045426828,0.898362607208,0.782316235027,1.04906085051
AE017263,0.5414208265667801,0.2990814051023957,1.11202153798,0.3819247256,0.570056700953,1.37222443372
AM420293,1.4339457065777093,0.5018631395264294,0.0908227234317,2.33375613858,1.36148879877,0.0768361250677
AP009178,0.796354935837491,0.324017401586374,1.09847016803,0.999352237365,1.31320460881,0.750688155344
AP012047,0.5444865209760802,0.30064342571494534,1.27988144941,0.259114677004,0.491942349478,1.27644747428
AP012342,1.0137974875376017,0.41458810422726994,0.863932073834,1.2796182416,1.47105194523,0.637491714578
BA000043,1.0598969851328321,0.3903827753593059,0.838934053116,1.27449386688,1.8539311274,0.48414082979
CP000115,1.2614613381326023,0.4691214532966859,0.388567916403,1.6470186758,1.87523230333,0.300342159879
CP000252,1.0504154467181392,0.40161998406887706,0.740277552273,1.45299597786,1.47174114769,0.641626896931
CP000448,0.9142863391170909,0.3687518082581988,0.893499587466,1.19567690579,1.17859515084,0.887244147011
CP000612,0.8656136776383074,0.36853673317407465,0.935820825479,0.983421391585,1.24618418189,0.947330070449
CP000830,1.3281460484257994,0.47246359933193754,0.284005480021,2.18055177736,1.41507278518,0.179611839502
CP001071,1.1364354631092768,0.43237196944191325,0.655603335917,1.24564996479,1.72835977473,0.649799568083
CP001230,0.7479199146541504,0.3228825819892362,1.24538988024,0.7207673091,1.36923674638,0.723231334735
CP001632,0.8122137655870555,0.35034437898016707,1.03737587458,0.932730802698,1.24093518212,0.88527286187
CP001712,1.122537790041825,0.398797628827814,0.563795016722,1.91942524256,1.32836419022,0.569939724492
CP001814,1.4297033239224952,0.5061447395781399,0.166875909049,2.21870301653,1.36839883407,0.0929575028944
CP001966,1.3769014362790113,0.5000217717063913,0.157827150687,2.13089264055,1.33624154214,0.215341788618
CP002085,1.3255067736083228,0.45220375231406085,0.268539500206,2.50343277021,1.26515136003,0.192106804881
CP002345,0.7993422604237634,0.3563575294459288,0.997439053018,0.864924553705,1.02575162539,1.08258504523
CP002456,0.7560185727106012,0.3683932967259276,0.928461003333,0.574571028439,0.873019856383,1.44177762481
CP002628,1.219092010520205,0.4549282312286062,0.506413372964,1.8541966228,1.39851028691,0.410800250661
CP002901,1.1444025266044788,0.4563286615134844,0.549813966685,1.39068768053,1.47462397322,0.716451246173
CP003257,0.5822816925782149,0.2893821763420109,1.3093452638,0.486454439022,0.946604433811,0.929715419457
CP003557,0.8383644090331765,0.33994365245390085,0.993146821286,1.19747303353,1.1018575887,0.836064167989
CP003903,0.6396446905347835,0.34166405398545857,1.27524167347,0.445939032233,0.685019058489,1.19039114192
CP006773,1.2604935435927567,0.4603525522051778,0.435872870454,1.89748001568,1.43291812455,0.374693915462
CP007490,1.0363241268494938,0.43386851429933165,0.477930395255,1.26722102315,1.18063570723,1.13580480637
CP010311,1.1612321506045686,0.4153990787302964,0.4658364287,1.95017188102,1.32450103996,0.597745440792
FP565575,1.1816561810694222,0.44300520960195444,0.487003525327,1.60145252128,1.66261756467,0.510555350612
HG793133,0.5658228779572464,0.2980099456586923,1.13684361294,0.460467822935,0.796579412588,1.21143378498
AE001437,0.630184952468426,0.3179559116089191,1.12484774312,0.437561950734,1.01166305397,1.16024644972
AE013218,0.5262356359026008,0.3006535578833303,1.3256647769,0.295994832657,0.501915808147,1.19868232338
AE017282,1.2800404064251372,0.4559834320348017,0.384130201101,2.07001126744,1.41598147819,0.327420011753
AM494475,0.6175082827861089,0.31818102470105614,1.10719113777,0.422585580027,0.951970296691,1.22883569677
AP009179,0.8950515246368657,0.34322766457629045,0.956517534735,1.29485652853,1.5617215173,0.599944537617
AP012050,0.7252263827028143,0.3325681937577363,0.922819540583,0.639121135154,1.15557131251,1.23662012851
AP012547,1.2761466922120726,0.45142861064901124,0.302011873912,1.81019045318,1.7523573465,0.400353925006
BA000045,1.2583343747012838,0.45893778619343795,0.368484168503,1.92176245525,1.24885647492,0.572015840378
CP000116,1.3290404709295762,0.45970127164726643,0.282303146065,1.98609035602,1.68870065769,0.260076498715
CP000264,1.2550290992955688,0.4659489285948235,0.404664390779,1.79178977333,1.63798265509,0.329982332169
CP000449,1.2623469636090017,0.47000922639746046,0.377453112022,1.91358258397,1.43116397125,0.365898005439
CP000653,1.0834912792851008,0.4132689782360272,0.609624844197,1.35649575366,1.53015381019,0.776024759201
CP000859,1.1458392944462743,0.41729444543656125,0.710792064413,1.76567295337,1.3567228426,0.449981808778
CP001080,0.6405620042856127,0.3016523162803493,1.30634501894,0.760885145908,0.873575707962,0.829552032372
CP001275,1.2718556920277873,0.4733512170356507,0.308132261724,1.99634814743,1.35935685735,0.412289780556
CP001634,0.8309647050915746,0.3459542511560664,1.14480138069,0.987141083645,1.34173486962,0.703261625773
CP001715,1.2872330179401092,0.463561819398867,0.251056234748,1.93912870653,1.57662283133,0.394241798532
CP001816,0.787605334655401,0.3412383748696544,0.923461382705,0.863301837426,1.40799341692,0.97628907556
CP001968,0.8644868254664636,0.35829982780418757,1.07345625211,1.09886611311,1.20896081508,0.752115979142
CP002102,1.3774693397958435,0.4927924369836726,0.155907502082,2.03361729817,1.71046720896,0.100589297098
CP002346,0.7148684305392815,0.3303900466232848,1.07059073161,0.664188655523,1.30400597027,0.99110573195
CP002467,1.1595640037627157,0.44950746956678295,0.424319359996,1.36588138096,1.87322824708,0.632841783759
CP002629,1.0859488194470877,0.4095661356267972,0.710253270253,1.58666261689,1.28045725534,0.670538590406
CP002955,0.783125495663957,0.3497774418125922,0.928773866657,0.946550386747,1.16207344075,1.03420371434
CP003274,1.1586571934268914,0.41318667759698713,0.593170238598,1.67174886019,1.67011411746,0.457076272052
CP003590,0.9306128050011432,0.40098818369064543,1.00396836518,1.00108480547,1.05961750598,0.960440958414
CP003938,1.10534991471095,0.4144744844602118,0.604199357072,1.39092523585,1.5167814826,0.759080412804
CP006900,1.3069306225885904,0.47195379555950245,0.2227625109,1.71579798792,1.87343237112,0.367477619408
CP007496,0.8997467064810952,0.37964360794051666,0.787226409088,0.832186976359,1.45004422555,1.10498971083
CP010327,0.6984703849618841,0.32930696940996035,1.03850783487,0.639022931582,1.28948881458,1.04650942072
FP565809,0.676310554112855,0.322703085714855,1.13588542122,0.548550693597,1.04468706393,1.09357864955
HG934468,0.9203074485992458,0.3716351931191207,0.815972009716,1.09636586913,1.38880432654,0.920663395202
AE002098,1.0629707605471004,0.40723604993089413,0.762797190367,1.37235217431,1.18820027551,0.837725126292
AE014184,0.9292115842894415,0.4245271613054353,1.06686192649,0.82917657927,1.1466786159,0.987351696891
AE017283,1.2062607663334648,0.47101554115196026,0.483357536877,1.36788724242,1.63063260655,0.65447789632
AM711867,1.4579392408821163,0.5063078405678128,0.0903986337461,1.9724552154,1.78569906139,0.0722622067846
AP009247,0.6572009608497487,0.33528345504264734,0.970126021072,0.53598680446,0.866157934359,1.36162783451
AP012051,0.7104109680016936,0.32737331756396587,1.19088949324,0.60728008191,1.30920149094,0.90871443433
AP012548,0.5320084933461445,0.2897291564692446,1.34358253506,0.370144022769,0.56469033559,1.08704564449
BX119912,1.109592669631392,0.4521132683846282,0.506645309203,1.48046374921,1.45155748876,0.72247722284
CP000117,0.8513940834185979,0.3926715131439111,0.992788751217,0.692505381489,0.868578039476,1.31080157037
CP000267,1.2134049617788947,0.44755528880766066,0.439803070328,1.62397662969,1.49960929217,0.623179356685
CP000453,1.3576487858170854,0.4623972156639258,0.204207620655,2.36752424078,1.33161629639,0.288315578289
CP000655,0.9063593834520023,0.4086004017697143,0.675321815459,0.831115749493,1.35454448587,1.24483734134
CP000860,1.24227126868592,0.4371583626776514,0.471710744812,2.04010670018,1.35140380636,0.424720608923
CP001085,0.5897960996942254,0.30627303865601047,1.26574918415,0.565382121707,0.795227784452,1.01856188541
CP001277,0.8199818080835181,0.36570691573419883,0.985024977347,0.883051431473,1.23880897752,0.971668185843
CP001635,1.3646252528726017,0.47350392790117873,0.143894196073,2.03878969036,1.77466516765,0.18741433332
CP001721,0.9265946193524466,0.40480987349691455,0.694283439606,0.843463763534,1.33672022283,1.25839098005
CP001818,1.2885768428563102,0.4414315146512003,0.35044879863,1.83183851336,2.10917877231,0.14240829436
CP001992,1.1188220335507157,0.4486880666870794,0.637981665617,1.07175637505,1.44906007727,0.993235453899
CP002105,0.7471426028467834,0.3322002188873418,0.849001789472,0.637107494304,1.14595971816,1.31564226848
CP002347,0.7206975640031493,0.3138460344142912,1.11321541365,0.716144575026,1.30510117676,0.907078138669
CP002480,1.2283335851897805,0.4543845402797631,0.278472644428,1.4936967522,2.08747711904,0.499359660546
CP002630,1.3722462455091693,0.4618024072652482,0.179101840258,2.2210509738,1.67880356727,0.149352742546
CP002959,1.07656783272446,0.4145497275127393,0.740764097106,1.2758688243,1.55320007156,0.704749366561
CP003280,0.7385051816082906,0.33936015021304256,0.958566426128,0.884720478772,0.993829287576,1.1255744462
CP003591,1.2014843177610828,0.4377295163186777,0.386069366151,1.56152519812,1.60540471561,0.701350656045
CP003940,0.7971151452109972,0.3615060476351171,0.930696260732,0.880696494353,0.978837388161,1.16338942323
CP006939,1.0467763633551432,0.4019477936460832,0.74386727307,1.61533544898,1.04983468215,0.791841423762
CP007757,1.0681701204222396,0.4309735220509369,0.638169501056,1.20711728847,1.53450843679,0.822291340058
CP010427,0.6513295591736339,0.3294275419826595,1.06201947631,0.525460945282,0.873674807796,1.26901072985
FP929003,1.1864547730578945,0.44426887268639603,0.444606340813,1.51991089759,1.72811179815,0.5732476064
HG938353,1.2467538668448577,0.44798668244308887,0.334013460484,1.75633655573,2.08128376318,0.226159599593
AE003849,1.076376625155191,0.44119989345577804,0.635208946905,1.21177215611,1.31736645465,0.944811175901
AE014295,1.21801743290144,0.4447514504074917,0.246772704527,1.84075697373,1.54708729533,0.596426231636
AE017285,1.269456265147668,0.4624073179907518,0.449185460324,1.69620635909,1.81073904188,0.277792346694
AM743169,1.3353556218013312,0.4723532839843772,0.136190600598,2.21485407025,1.52626449241,0.235187614333
AP009384,1.3540865500923138,0.4833033009766972,0.17872911776,1.6629419563,2.18323128542,0.179837440599
AP012052,1.408799896073735,0.5010103264036099,0.115552390805,2.05272806297,1.6187918189,0.119937586726
AP012551,1.165278252556222,0.4243303747700777,0.514338638228,1.45660500455,1.59607596212,0.714590719048
BX470251,0.883828827976843,0.3858753890901669,0.91093243339,0.856253996212,1.14550218062,1.11430417251
CP000127,1.026360749695738,0.418461569928872,0.762800681059,1.14637614661,1.3523628601,0.88950154972
CP000269,1.1042662929903198,0.4302790382839737,0.637778264807,1.38630343621,1.46977299418,0.722694793098
CP000454,1.3203484336994598,0.484324134445468,0.313647331292,1.78881548353,1.59443912703,0.349975288093
CP000667,1.3969742827847964,0.5133779650294895,0.166852052911,2.1353587473,1.204124253,0.265443570127
CP000875,1.0255955760927964,0.4337291483389774,0.39023587542,1.50330216846,0.975809893932,1.16484013546
CP001087,0.9946174122571766,0.38958613656512414,0.851855910482,1.52727127417,1.2807142158,0.616202854392
CP001279,0.6716147502950559,0.29702857451937936,1.19241381821,0.918077879627,0.850223575734,0.880783747713
CP001643,1.4429846568416236,0.49714635255032463,0.0588821376325,2.29376220668,1.4593683358,0.0565724375544
CP001727,1.259396195240055,0.4441958917722007,0.346300819741,1.57224759469,1.99049968305,0.43625468001
CP001819,1.4429228868801434,0.5054766012643881,0.113326196138,2.10646450887,1.51768547323,0.0993469735558
CP001997,0.9156936321851414,0.3935395975073375,1.14551694305,0.957982320082,1.31948886534,0.719546050269
CP002106,1.304621270575046,0.4577863800157143,0.222866363137,1.96520047593,1.83545139296,0.244165234013
CP002349,0.7220461292145037,0.3336173599042067,0.934327613456,0.755736554864,1.15527936886,1.15811901065
CP002505,1.07163733481296,0.41351591002834776,0.69719126427,1.37691880198,1.33538536743,0.793874932222
CP002638,1.4265852718729328,0.5105344760005007,0.110838856476,2.35543326294,1.14645411696,0.126814801387
CP002961,0.7336188681560755,0.353148355860172,1.01065055227,0.627424377186,0.951027289834,1.26106074448
CP003281,0.7509329524199116,0.3391187805608306,0.994824497844,0.805779460537,1.07729464505,1.09028431631
CP003592,0.9741604810053989,0.40123744919201243,0.511737786471,1.19973454722,1.16556931728,1.25539012963
CP003944,0.8580858281480516,0.3870156702641717,0.997572728857,0.805997906827,1.07779619469,1.10231772493
CP007003,1.2055770137935682,0.4521411385862356,0.456053441099,1.43147042556,1.69734079394,0.645972542224
CP008713,0.5656148393842257,0.29056524812897666,0.986333372508,0.34911805766,0.934052794408,1.34338451544
CP010803,1.2604076131993038,0.45161310465569177,0.293266912359,1.68895657993,2.19483983365,0.229874558839
FP929038,0.8826100307445729,0.36273777116480393,0.907067464393,0.933888389115,1.51746033991,0.872853010645
LN614830,0.8176882608275026,0.3686671095941128,0.861608807878,0.919819537513,1.16541256833,1.11625530471
AE003852,0.9668591424426519,0.3880552139499292,0.64682933226,1.23386917419,1.45474957118,0.937721235835
AE014299,0.9409410001431754,0.392986299013265,0.626710609583,1.22418592554,1.42895726702,0.972566694661
AE017340,0.9499465805784726,0.38794222033430126,0.777437056813,1.18836538464,1.22996864754,0.968179394235
AM746676,1.4328017414047287,0.5157202342082975,0.148348895657,1.80541807394,1.84804672575,0.0994292201832
AP009389,1.0920087948397874,0.41000013865330664,0.774978707452,1.59887473499,1.34736143917,0.563108530715
AP012057,1.350074200940035,0.4815348102436357,0.110466664713,2.16357980864,1.59241984725,0.156705983483
AP013044,0.9632156985731262,0.3775771140721839,0.811885044622,1.30049571021,1.47299963631,0.725859692992
BX571656,0.9787804317426758,0.36929623687614554,0.597782252457,1.26738567185,2.05695717746,0.662419788478
CP000140,0.9211890555361243,0.36818855751969637,0.727447693081,1.32702073937,1.58877508276,0.758768880703
CP000270,1.268322258249603,0.46398437869754594,0.327378057842,1.71533019598,1.72118990853,0.424664701302
CP000462,1.257488900903147,0.42366802571160866,0.324125258941,2.27562602667,1.51017275605,0.314250020376
CP000679,0.7128917208371128,0.3159441726176037,1.21360784929,0.679829242487,1.17060495846,0.86405846828
CP000879,0.6840423671511874,0.3112802616889555,1.17484478149,0.789780613399,1.04659528143,0.902797779535
CP001098,0.7782844944692412,0.33516067541808053,0.968295999218,0.864907829485,1.10331923073,1.05674053043
CP001280,1.2755895477961876,0.4748048395512009,0.374953198381,1.61261571953,1.83584643196,0.352834946849
CP001650,0.7425519262530519,0.3366675963524801,0.931261816124,0.922037799232,1.08578715468,1.09138479078
CP001734,1.16226223528704,0.4257473499131414,0.456795039434,2.15589288671,1.00751707218,0.599414596251
CP001820,0.7942030018587461,0.3713573538635529,0.984871104838,0.660123695464,1.06350683811,1.22098721988
CP001998,1.0794434069720524,0.4181442704659465,0.385310517305,1.47378097015,1.45782600802,0.953732800748
CP002116,0.9901902501175719,0.39594190687268316,0.89107985759,1.2572851015,1.4450413732,0.666831205621
CP002353,1.2607151771664225,0.483035912431628,0.296923579469,1.81250464601,1.25963306874,0.606281930415
CP002511,0.6375279260014586,0.3249676475482927,1.11555584724,0.575882053735,0.874368270966,1.17720057625
CP002663,1.153384299303049,0.4428760043178837,0.55244223927,1.59072668194,1.37945972432,0.647097264252
CP002972,1.20715248921513,0.4544126612216118,0.485827946698,1.76716403521,1.44782548726,0.462772563014
CP003283,0.764086271471006,0.33218564313053706,0.934504976196,1.09983367776,1.01714028387,1.00896994253
CP003597,0.9068740583432581,0.4067530789634439,1.04318785785,0.726830468328,0.984364684148,1.1780863101
CP003945,0.8719727001835078,0.3867915233363061,0.927030488401,0.835867684072,1.13133474205,1.12781168852
CP007031,1.3712133136159652,0.46945535648726044,0.106008271188,2.57652269722,1.28422578125,0.145825217531
CP008802,1.2541129344336022,0.47734280971972026,0.452247633469,1.55993090941,1.27054424286,0.722982746202
CP010848,1.239644432149395,0.4806246179119144,0.457094989673,1.46363996586,1.43349291408,0.684098578675
FP929041,0.7620780705599931,0.3350228514008421,0.938054252237,0.86622627643,1.1673162482,1.07410962288
AE004091,1.3439684574982287,0.45120001898926404,0.171543814863,2.63893645458,1.28581265555,0.192185602727
AE015450,0.6408695866594036,0.3143593979132604,0.781361522734,0.770994220754,0.886893501721,1.46757259349
AE017354,0.7788530494589461,0.3575426269693154,0.929893466862,0.833764738121,1.10975986577,1.13171866096
AM747720,1.3480707591958805,0.47046287451466096,0.167609230951,1.72565280937,2.18551685847,0.205511071008
AP009484,0.7509284457538502,0.3287863934908342,0.971495954106,0.665199410116,1.51800612969,1.00915893614
AP012157,0.7901532111171223,0.34520124268525826,1.04345509065,0.717638081497,1.470114013,0.934655292008
AP013063,1.226139713141034,0.42635596751909116,0.462146291306,1.96543440304,1.57367589277,0.366441497323
BX571963,1.3120369661648847,0.468912791605172,0.190655860385,1.8569227063,1.96461511508,0.215730869426
CP000141,0.8481726711925182,0.3529271625267141,0.982096519109,0.954470327141,1.2527834739,0.921355583029
CP000282,0.9316138226776361,0.4030470199509224,0.797429840919,1.09907076348,1.14868157918,1.04828449238
CP000471,1.0968932552999475,0.4204978903577155,0.48465743122,1.69097805161,1.44794301095,0.670520144211
CP000686,1.2194551919183059,0.4683558609466118,0.444545235285,1.79130136919,1.39372812188,0.465028028937
CP000884,1.3461759499174903,0.4750085867499995,0.222987240175,2.05370194213,1.53824534172,0.269983530047
CP001099,1.1447383332200085,0.40623730622093696,0.485104308367,1.85481596877,1.61408351627,0.489423381819
CP001281,1.3765302054745532,0.4694904885630247,0.139561162013,2.18875210287,1.65400831472,0.173316656899
CP001654,1.125190161123822,0.42234007608108254,0.605647266659,1.37998642179,1.59247485808,0.697607104079
CP001736,1.4181278978792764,0.49800656722885317,0.0993168819591,2.17018589899,1.49820400019,0.132659529719
CP001821,1.4557606640613723,0.5093054896938056,0.0965405111031,2.00520962806,1.68534600635,0.0807824286586
CP002000,1.4373159258878403,0.5051932672987142,0.0929721293678,2.09457891109,1.61158337063,0.0827970278982
CP002124,1.0974617289338655,0.4178484442133494,0.634800272957,1.41167689177,1.49874760888,0.716287725025
CP002355,0.9131464623584055,0.36094315745069777,0.809821205776,1.41940140108,1.45102828915,0.698265401875
CP002512,0.862337243373307,0.3493092687555888,0.649190459408,1.20705857463,1.26979099756,1.13881515223
CP002667,0.8124610150149694,0.3637186889560064,0.897678614116,0.86408204141,1.12303190782,1.14173257513
CP002987,0.8072581518984687,0.34479772535243364,0.888213260243,0.975549496677,1.20947563943,1.03625343645
CP003345,0.6362068680859012,0.3261591772975401,1.18346977412,0.392711755269,0.701019317842,1.29460495989
CP003600,0.9330509182999048,0.40789342685073277,0.811695972525,0.877921498044,1.03646203819,1.26097799004
CP003946,0.8977718778468466,0.3900529034295477,0.729397838648,0.857876295425,1.33720541792,1.20214328479
CP007034,1.0629925134048632,0.38174135663126446,0.755348656577,1.50416735415,1.38450291184,0.683188277383
CP008852,0.7880566642638162,0.36795314231438975,1.10317572707,0.622954308199,1.15026345902,1.07018147716
CP011265,1.2422610899072657,0.47357108717013957,0.488564690126,1.65890036241,1.3348360951,0.557382200901
FP929045,1.1734841729826126,0.40726251302778416,0.514889559813,1.85534768832,1.65040905697,0.432511596501
AE004092,0.7837000113698616,0.35245026648337224,0.992957781129,0.733698223447,1.13043887048,1.12896869254
AE015924,0.9882137894827946,0.3885090881872279,0.754255364579,1.42129636154,1.48229077492,0.673830173682
AF222894,0.5143972562434952,0.2707546255933353,0.942982760189,0.385539437472,0.630026970037,1.50452949937
AM889285,1.3424886115518466,0.4943547238165018,0.267685508863,1.77838498834,1.75648508225,0.232572894881
AP009552,0.8587456225019655,0.3827395066886176,0.946510052982,0.975302261575,0.975046833498,1.08837497584
AP012159,1.2415800780393704,0.47700233852161894,0.480628923534,1.79267047522,1.34283704225,0.433248699795
AP013066,1.1414846737489637,0.4187699869651387,0.528015073196,1.64673797366,1.497882778,0.631450010583
BX842601,1.0211765725735968,0.3945249818511952,0.686239569741,1.29482235427,1.45848129227,0.845505356269
CP000142,1.121241988178981,0.417659231397054,0.617144749957,1.75091291856,1.27320275039,0.621373459922
CP000284,1.1320523988708378,0.4168874675555005,0.505502939802,1.65998519121,1.47958436785,0.661260625598
CP000473,1.2495783613897475,0.46640322552049585,0.337664890647,1.60607046555,1.69567010371,0.526497594391
CP000699,1.3799611922713753,0.48679838194176744,0.103547601309,2.21442388982,1.63466129911,0.0759887056805
CP000885,0.7261002211690364,0.341157304874784,1.07770090559,0.570179506343,1.23816991608,1.06629165155
CP001100,0.9237107019016013,0.3713058757112319,0.848329630882,1.06247856777,1.33735604885,0.94654981008
CP001322,1.1110382868324897,0.403314312906647,0.639130827375,1.87709793504,1.30048835346,0.508483291259
CP001672,0.9297859325603353,0.3946415267123043,0.719640470083,1.0067136093,1.34028908353,1.09144307582
CP001737,1.425520319066698,0.5108958491649213,0.084662541265,2.39198737339,1.06465557874,0.13532983425
CP001823,1.3673964727736965,0.4742060651916077,0.142034765921,2.2156043359,1.50484963493,0.224096445609
CP002005,0.8595881347055919,0.3800128470541253,0.794039354127,0.927344927516,1.10085928761,1.21450075606
CP002130,0.7298811083956127,0.34895774046670464,1.08323530354,0.674441031901,1.17221386752,1.03847547519
CP002360,0.8816506718261314,0.3674089253627788,0.983059990746,1.11026262175,1.46752171184,0.697310396752
CP002514,1.2380470008634643,0.46257963673529057,0.460414011297,1.35821289292,1.85033512257,0.553548788244
CP002683,0.8523707089070283,0.3611876445901487,1.14087243622,0.96360079674,1.06804937228,0.848877464835
CP002999,0.8426285020641968,0.34574474095721053,0.800574640898,1.33689983787,1.46451940102,0.785026517736
CP003346,0.9164876522555401,0.36130468381139014,0.746531633837,1.44021930579,1.58621430611,0.678728277489
CP003607,0.965340761177414,0.40581290782151486,0.776237139374,0.994215502488,1.14483773545,1.14929921646
CP003978,0.6283570857438503,0.3402740775276409,1.27887321679,0.362512791587,0.720590664113,1.21882586835
CP007035,0.9220735522888955,0.3782413433906472,0.909912615015,1.34871593196,1.3268808631,0.664370045223
CP008876,0.8727306003844159,0.36126265136988805,0.959842907685,0.835978167396,1.43659322705,0.942683750041
CP011280,0.5683092418310398,0.2938564599223355,1.2607008638,0.389719296722,0.769810125286,1.09320665933
FP929047,1.3057423536046144,0.4397833072493173,0.2595589147,1.93469717317,2.12261698532,0.148055210936
AE004439,0.8216850264281769,0.3675879061233621,0.859330568503,0.894874778258,1.19004345996,1.12089190444
AE015928,0.8784818120218204,0.3664781812093919,0.915928284323,1.01517975389,1.26496373746,0.940710042362
AJ749949,0.6593714701741425,0.3297256364657997,1.02823704028,0.50162023393,0.8786487856,1.31944848816
AM942444,1.298298210450426,0.4623151744344508,0.203519521624,1.90717735474,1.63387184094,0.428675740048
AP010656,0.6760267669796391,0.3342422513785891,1.17638064556,0.47998548671,0.911451109967,1.15172533814
AP012200,0.6600232288037166,0.32783169257731026,1.07918851586,0.519602975936,0.874079532307,1.25886064913
AP013105,1.2890991050473886,0.4513785565362262,0.263106440127,1.77050868919,2.03063547874,0.292953057334
BX908798,0.7222901613689268,0.3442873820957019,1.06115716786,0.656792760042,1.04185504753,1.13637907591
CP000143,1.3829564070378486,0.4834283152974323,0.155389784337,1.95577259956,1.8915470576,0.111199363566
CP000285,1.2908016869963979,0.4518685584051612,0.275804586691,2.05407238916,1.57078841232,0.340935604202
CP000474,1.2561730638481983,0.4746754410958415,0.370305808502,1.68230081503,1.56031701247,0.477678188591
CP000716,0.6242531767895705,0.29912727335383765,1.25263873174,0.476531692903,1.08770165627,0.957757292123
CP000896,0.6447692069049571,0.3138211562826469,1.03037317009,0.61001698867,0.914974183443,1.22186263974
CP001102,0.7225470121387656,0.3409266959577118,1.12399744522,0.690123327133,0.972264572862,1.06657287281
CP001339,1.3243599356405418,0.44634592380270155,0.20847982524,2.52176120962,1.28053909499,0.266730569354
CP001673,0.8708715308929331,0.34982393454195876,0.827525073142,1.12684752671,1.43658353659,0.905413366901
CP001738,1.4455661213897262,0.5062524259924427,0.108807780355,2.35482582732,1.28858594122,0.0676650120989
CP001825,0.9647567579299193,0.41053970389430583,0.93863564209,0.968196827185,1.3178662646,0.888648517896
CP002006,0.9796134371692433,0.36977592300172946,0.633139331995,1.21103878199,1.66720541254,0.898921069399
CP002131,0.9574300216398026,0.36603325779383844,1.00161093359,1.22665854993,1.5979266536,0.54313567906
CP002361,1.4119082829819298,0.46680541014805427,0.156940051975,2.40246441241,1.52570641222,0.0944879630969
CP002526,0.8991824447509704,0.38746501100858455,0.743084645271,1.21045325669,1.28381985861,0.956877864127
CP002690,0.6860152532715713,0.33028539231661486,1.20331679223,0.698232989685,1.09299655421,0.927395082137
CP003040,0.9877658466375017,0.36944498802125586,0.742012108918,1.19844812645,1.779512004,0.720784135643
CP003349,0.762009957692408,0.35691396813910675,0.931678236836,0.851293479119,1.0892794237,1.13756602386
CP003610,0.8155605542140865,0.3842410800614066,0.940959049043,0.572743408479,0.884356682191,1.43719020191
CP003984,1.0863523053267639,0.4399738295417079,0.690479871087,1.42263868782,1.23716928052,0.765021298425
CP007044,1.0468944080292863,0.4120319282361314,0.678955108423,1.36683817047,1.3853123995,0.792453100341
CP008889,1.3857475278734486,0.4855386875272826,0.123607862368,1.2761156012,2.79152826951,0.161829973997
CR354531,0.8574868332841664,0.38357262157560584,0.84356025413,0.924564072676,1.36811461638,1.01640502256
FP929048,0.6552367291515885,0.3401176137199897,1.14865377742,0.435966846338,0.654403420846,1.34290039148
AE005174,1.0207640950555297,0.4071267197995637,0.737948049876,1.18502651508,1.37246448687,0.891946072386
AE015929,0.6595379596815023,0.3208379940679373,1.00732645617,0.478194965375,0.892294046287,1.35059611025
AJ965256,0.9580614614173429,0.3955766337033494,0.917445538776,1.29329220818,1.00742147005,0.8655352419
AM942759,0.803766251513989,0.37900575257245317,0.963118200792,0.773111396487,1.15465795802,1.11784404362
AP010803,1.3083572704374868,0.4759219212653812,0.243654999263,1.86719147155,1.84215621159,0.203920536721
AP012204,1.3536087252516187,0.49439352246765583,0.153346869976,2.18126753466,1.30242862733,0.251493922186
AP013357,0.8039904308815373,0.3747605621677464,0.831272293329,0.75056147319,0.975521971552,1.36962856567
BX950851,1.0449111657022563,0.41203184819397437,0.691054611145,1.13889853749,1.57391487138,0.84524212007
CP000153,0.695683543694518,0.32649106756195506,1.08636645644,0.63402522054,1.08986333648,1.08210075949
CP000316,1.2643561602609745,0.45816634440636883,0.411979358008,1.69288607478,1.60909118695,0.472547243749
CP000478,1.2048497611341593,0.43470084766080624,0.487988312807,1.91598990496,1.5931608254,0.34246358243
CP000724,0.7488731112593079,0.3335603301287597,0.988619502672,0.772070861943,1.40850407231,0.950447428113
CP000908,1.3817928645217548,0.49606256809481625,0.169008917178,1.86544427877,1.82568662119,0.161012967351
CP001103,0.912466023723837,0.38914994922496216,0.801508109791,1.10360571442,1.36793981172,0.928545186145
CP001341,1.3366503104062142,0.48706667619765737,0.265101393277,1.84219030442,1.61313354781,0.3071170245
CP001674,1.114001370441694,0.41472821554994727,0.571280356726,1.49148218271,1.35638401038,0.812524981363
CP001739,0.694230208518863,0.32376873423592273,1.34114921501,0.567102609518,0.967227268915,0.862300290404
CP001842,0.6616526195811462,0.3492233863001766,1.20533057544,0.459665718687,0.697374181881,1.26467814008
CP002017,1.1920340902667725,0.44272817781213114,0.552306696179,1.672145705,1.44112116756,0.552529990071
CP002156,1.2202524064924656,0.46437131268436577,0.417028430188,1.67982704474,1.68961034194,0.398084201662
CP002364,1.1942234903834061,0.4222734398244983,0.403466659663,2.34872281849,1.13634202147,0.412545837586
CP002528,0.7582601347974024,0.3558601782042495,1.0503458324,0.679528100374,1.05871220995,1.13599999431
CP002691,0.9607744000407186,0.3811240319546576,0.668257390239,1.53177195338,1.148661902,0.895539956972
CP003051,1.330981527536808,0.4653795932589396,0.225867943246,2.1324058249,1.5269239827,0.27785151621
CP003350,1.2778814672130145,0.46767391369579125,0.268091553349,2.03363968934,1.31796879054,0.472427191281
CP003620,0.8209035837610955,0.3884223046753131,1.01695398161,0.56140322785,0.887547861858,1.37289704715
CP003985,0.9213448951445113,0.38409162009283765,0.952803608574,1.08643551384,1.16180162459,0.898549377297
CP007051,0.6420575783995613,0.31325490252660704,1.19163978576,0.635594183535,0.869118584908,1.0468815018
CP008936,0.7811778095261157,0.3683113425054238,1.07305226677,0.629830592767,1.28419608288,1.04179139963
CR522870,0.9537499569424058,0.39445541445505217,0.861925655481,1.17053685842,1.33342338569,0.822389353992
FP929054,0.8649489388627235,0.36005570048426483,1.01270460235,1.05420086313,1.11948659928,0.884321296371
AE005176,0.7242147557532809,0.3474487956940274,1.03561735777,0.531671984816,0.942236009809,1.30124377137
AE016822,1.3688228330834658,0.49119007677968446,0.262234899235,2.00199678834,1.55202563369,0.173183002972
AL111168,0.6164076908874561,0.305367256217174,1.09556902486,0.70497734169,0.729865655023,1.15731783117
AP006618,1.4241939949253304,0.5066978518456555,0.135737779963,2.22750624969,1.2814187689,0.142868592395
AP010946,1.3715237781655978,0.4855062676739965,0.129148908965,2.01127097137,1.81042294798,0.12632979397
AP012205,0.972691977596398,0.40057114373524894,0.665621400443,1.16488776002,1.22381695817,1.07633729075
AP014521,0.5226823956135221,0.29885590994180083,1.32834878183,0.323097449322,0.518656886651,1.16988428522
CP000009,1.2351874592824486,0.4694810199676335,0.41830489551,1.59138728215,1.83390293415,0.356200014254
CP000154,0.9372361740049363,0.3831226223207455,0.699991305789,1.1012599553,1.47454089069,0.97544834497
CP000352,1.2882681449648459,0.46116330037349906,0.224466227241,1.81510067242,1.86322499248,0.338727731168
CP000481,1.3360147135659297,0.5056060882984673,0.370200899279,1.65453384491,1.44667520614,0.458964357441
CP000747,1.4332189134494504,0.49400589307078024,0.0606486828655,2.02143347843,1.89591353455,0.0504849497652
CP000909,1.1434107066283699,0.45876917569727055,0.47548418237,1.57659753778,1.204070555,0.791333885794
CP001104,0.7597757335488755,0.34674087790202945,1.11536216199,0.522925747557,1.33884271568,1.00797917461
CP001357,0.5639279561978859,0.2991704870462478,1.32910537842,0.369771796524,0.713434794505,1.06570811508
CP001678,0.9178647785320182,0.41789930200893577,0.997887247261,0.812496397633,1.1905403049,1.05273725211
CP001743,1.283690222805094,0.4442456478647522,0.342230468621,2.14210038607,1.27792071166,0.458867465327
CP001848,1.1592128031843807,0.45142476386367947,0.477361356095,1.33471017838,1.67984456146,0.725962511627
CP002018,1.24509084839785,0.4649801076408874,0.448939321225,1.87615839838,1.47472143197,0.329841760747
CP002157,0.7507492607199177,0.34328226309481014,0.914216125645,0.89409008097,1.15031062556,1.09500217921
CP002371,0.7318231281999441,0.3634220718382059,1.19989800128,0.511511626088,1.11450658822,1.06554242541
CP002541,0.9889701610380324,0.38359159587523706,0.715533522791,1.45396756988,1.5379640403,0.67513785098
CP002728,0.7665010694027764,0.34451684741871264,1.13375849811,0.757547060212,1.12691667087,0.948785034148
CP003075,1.2385113504178353,0.45517494997194646,0.349018278127,1.98992246292,1.54089316928,0.309642953189
CP003359,0.6545130259095495,0.3262665676275118,0.974930222456,0.334407695784,1.01475726025,1.40562258922
CP003630,0.9444975539266459,0.40406101651377957,0.77262228284,0.887660137551,1.33016010055,1.12646194797
CP004142,1.1430090493105531,0.42243898431598315,0.540817964061,1.51537076132,1.48829592012,0.714083736288
CP007053,1.2923154776239143,0.48757851546630526,0.647639982442,1.58572510217,1.41388416621,0.388985568873
CP008941,0.8404110214074153,0.3791577384958473,0.961725814281,0.800123089447,1.36247936579,1.00003873848
CR555306,1.3106752527788912,0.4672265955701268,0.31935867977,1.76418611476,1.79333238753,0.317653581931
FP929056,1.2789109491263806,0.4404653555458826,0.243231035868,1.68709260281,2.36887138168,0.183165976989
AE005673,1.3548635401081224,0.4821168416127116,0.133069630297,2.08076286311,1.74708280695,0.117405528285
AE016825,1.3155970101742491,0.4525795567241273,0.34261293928,2.01749840745,1.64516323309,0.254835759214
AL591688,1.2708809180257412,0.45663742214483216,0.312195932766,1.70409887919,2.11944690756,0.213729204973
AP006628,0.5817332700092724,0.2771857292249325,1.05220536975,0.637350742745,0.667472905866,1.24041249938
AP010968,1.4898973470944168,0.5295585009576562,0.0648772786638,2.15403618001,1.38358105328,0.0522425416278
AP012206,1.2896657720399838,0.4649975082382665,0.251127849886,1.77259159506,2.00016065332,0.240999576761
AP014568,1.332217973433847,0.4678943403537709,0.262560945965,2.24193285721,1.260939298,0.315519039467
CP000013,0.5703876257475673,0.28091734558374903,1.17070282412,0.635174701068,0.943588458285,1.00295708859
CP000155,1.0966091515513217,0.41346644827151735,0.613748015341,1.43809104318,1.5061720791,0.727866262606
CP000356,1.318564620819982,0.483934231398515,0.271167349286,1.8585986606,1.76326023053,0.201211856318
CP000488,0.7075912663374647,0.34037478593502923,0.899724441265,0.738649679898,0.993047204964,1.26504716089
CP000749,0.867056910306898,0.38725770994876885,0.893839353811,0.905699438946,1.22419534665,1.05448878255
CP000910,1.1330616194653618,0.466200532936335,0.506847703052,1.39356765391,1.19601058815,0.919285800348
CP001108,1.0175269085743062,0.39995701550727175,0.832529574735,1.44286083785,1.46428642854,0.566968183871
CP001397,0.7191551906186938,0.34467327613914506,1.04501084591,0.720207761042,0.839820330979,1.20885502495
CP001681,0.8561707978960685,0.3685528342817619,0.81790292644,1.28688402518,1.20192489424,0.893249148341
CP001744,1.088907201030737,0.44369682668439686,0.648645921384,1.03321122324,1.41730270428,1.03288134945
CP001850,0.8968693100351754,0.3849091950612861,0.796603020494,1.06188054608,1.10195714383,1.11184948471
CP002021,1.2904991161093768,0.4638234710087371,0.308671714977,1.88977401989,1.42657167,0.480785494237
CP002159,1.0708253053774872,0.41117906654246417,0.586228041774,1.40245562156,1.50143047772,0.787046116008
CP002382,1.1097497577708284,0.42816252424617657,0.595877374639,1.56464784176,1.50893017474,0.592962024816
CP002542,0.7396421392101473,0.35600999713811377,0.97583811753,0.667894489876,0.992244882835,1.2610718085
CP002734,1.3337648202137997,0.47707675750176537,0.328859205042,2.03136860519,1.49940845576,0.214036921165
CP003096,0.9489855597059321,0.3866360725182178,0.964266105319,1.04526397948,1.68277908168,0.617490371012
CP003360,1.0138095138841554,0.4078914802797753,0.8917706264,1.24802040902,1.34965496517,0.709897656445
CP003642,0.8677325648892646,0.38947879327331625,0.943563519743,0.704130446943,0.976078775728,1.29284538404
CP004345,1.053489070657352,0.4086587858467006,0.844739743132,1.27137548408,1.12989591981,0.864240019855
CP007128,1.457361045233771,0.5168305412327466,0.0510082296071,1.79210607662,1.99325749888,0.0705053634218
CP009056,0.7077422195789682,0.34781598819638554,0.940468679176,0.619918612667,0.943047275003,1.33576017276
CU207211,1.1059463204426623,0.42639446668919384,0.65836496995,1.33767164626,1.57077906348,0.694238330352
FP929061,0.7538541802637401,0.3381750198630653,1.14634675574,0.953134928929,1.15053041885,0.784013515128
AE005674,1.0413486171096527,0.4105641127194379,0.733998513825,1.24520512255,1.37994585584,0.838287714416
AE016827,0.868998565719984,0.37017231738931533,0.791843696034,1.1703834812,1.12947218282,1.03192728292
AL645882,1.4500784763894008,0.5152873505989762,0.114056385441,2.0090847377,1.6146703987,0.095756643919
AP006725,1.1762056090483182,0.42503593175285137,0.507735439544,1.70492620527,1.52352131187,0.566728708179
AP011112,0.8830871046928811,0.34919454815477813,1.02207045802,1.08849503225,1.71479925097,0.561580688098
AP012211,1.1376926439549966,0.43249454526307246,0.549343786088,1.42639271325,1.76261734811,0.58582631862
AP014583,0.6529002092350458,0.33415367883429925,1.04180783099,0.525137550954,0.901015916354,1.29935056078
CP000030,0.9961004619467799,0.41895982226819634,0.892447429478,1.07963149876,1.44384857944,0.754535619907
CP000157,1.269738979145335,0.46045625245221683,0.311729217222,1.99516140736,1.59699147498,0.290205959249
CP000360,1.178694544833077,0.4388485127170012,0.397876029402,1.44891918284,1.90638796425,0.598653070329
CP000489,1.342920164800995,0.47968942479009735,0.224730860874,2.22609689587,1.45007165379,0.144063938189
CP000750,1.4909617525542218,0.522753045489322,0.0593928836869,2.11232983511,1.49303522312,0.0675034835644
CP000922,0.8409447950830967,0.3516353103428374,1.06719285904,0.829119492065,1.60035988243,0.751383088727
CP001110,0.9791065734065869,0.391877346814993,0.843881820369,1.28133178535,1.4168753012,0.717531024927
CP001472,1.2230423622727344,0.45335675830377775,0.306348002581,1.39938715013,1.79220244894,0.746349366258
CP001682,1.0274867796595695,0.43961914305045263,0.751977894251,0.912554059277,1.5756386315,0.953116612364
CP001751,0.9931638003829711,0.42653921756265023,0.790021339207,1.08760726514,1.30499088657,0.940096409167
CP001854,1.4598741667082127,0.5168107443297042,0.204474099585,1.80963678054,1.8413264865,0.0521203449182
CP002026,1.3698944340943788,0.47658216958678634,0.141562879075,1.87352766792,2.06358653459,0.124773789634
CP002162,1.464143442476079,0.5203325595081769,0.117840838703,2.21739467663,1.28671917245,0.0984654794277
CP002390,0.7291581566104844,0.3234146929912743,1.17367582654,0.584353438752,1.19006037835,0.954396421464
CP002543,0.6950826718469147,0.32940156150909483,1.3644195885,0.497558665769,1.10748763247,0.849684613561
CP002738,1.041275915248752,0.40075501107830164,0.672331561573,1.56218201248,1.23277540914,0.770458645514
CP003108,0.8748089870408711,0.37386831009795723,0.900107039925,1.03773101574,1.2279016311,0.95360809453
CP003364,1.2668700682189658,0.4695810267475858,0.292175225255,1.90636111442,1.44095227344,0.4561767586
CP003646,0.8887346859578317,0.40437247755201255,1.06181360329,0.696308041075,1.01912141912,1.16328799628
CP004349,0.620756517390991,0.3285681907020592,1.05528962583,0.519436932175,0.801592900278,1.32749510737
CP007139,1.22763971028699,0.4551628065529064,0.325902645299,1.76003092263,1.76531651665,0.398606173511
CP009129,0.7963174650267526,0.3562797345763257,1.07631852176,0.758940027536,1.26277687403,0.962234411962
CU207366,0.7458918631034458,0.3352918083926365,0.920639026451,0.87285346503,1.10977741106,1.12246244485
FQ311875,1.2064816993764316,0.4518574114464738,0.303902253315,1.91537157512,1.26549010279,0.604811901865
AE006468,1.0678858785655805,0.4135780392516626,0.688022192172,1.26849337237,1.54613353143,0.758758257913
AE016828,0.8663457178552931,0.37776755096255044,0.924047697766,0.923706617882,1.35022524796,0.946160059186
AL646052,1.3537036543245748,0.473286660394414,0.173312431241,1.90620671344,1.89854349965,0.202235746553
AP006840,1.3868940014442672,0.4698477435767277,0.133333893669,2.07510994163,1.84097856025,0.146967233238
AP011121,1.0766126158609894,0.4560602038557083,0.93924019347,1.03032887709,1.28540984831,0.835323853035
AP012224,1.3066941697218286,0.4454370406616696,0.276433898084,2.07491594368,1.69970696267,0.262794210823
AP014624,0.7350756563233013,0.3359882457612827,1.04991259367,0.810822261141,1.14904619056,0.996808915386
CP000031,1.2965926368647247,0.46502335849071974,0.340031642506,2.27308710919,1.30434011706,0.187933721623
CP000158,1.2478497957249857,0.468270135247654,0.509463224484,1.58123182616,1.72329985461,0.37004497859
CP000362,1.1907006106872706,0.45174840203315436,0.539041556673,1.74889064537,1.47429391794,0.423107972258
CP000509,1.4384393022810855,0.49640909576341624,0.0687798146111,2.24826257488,1.49564914836,0.0984410726078
CP000758,1.1425611075581512,0.43845815793965853,0.527523482486,1.47990786395,1.83994632039,0.487840487799
CP000923,0.6935423333728419,0.3233044386777828,1.26000661449,0.519310132142,1.17081911073,0.914445989461
CP001130,0.6995356186760908,0.31721090704922167,1.31737775033,0.833352506427,1.20466176571,0.668019058791
CP001560,1.1536537362324955,0.4280325083811442,0.665490358245,1.59301349117,1.22082828888,0.699398948638
CP001683,1.3559968829809257,0.4863977224769032,0.218117773468,2.05564016124,1.55910896426,0.18455356607
CP001769,1.0274010891987366,0.40366347861437407,0.664317402225,1.4091198225,1.38948935743,0.795674121225
CP001859,1.1444690459585694,0.3971446938048029,0.5346272674,1.99688292967,1.60834786761,0.383291257846
CP002028,0.9336478831561763,0.37598675976255186,0.910539600626,1.15018017728,1.27133770925,0.843153996758
CP002171,0.6918239073201744,0.3213686095288335,1.16910213242,0.615698001864,1.18723056181,0.94611653005
CP002395,1.2018160929561996,0.45222045390999455,0.448750439694,1.62861211263,1.75393033197,0.429195198518
CP002544,0.8877319682161253,0.36242327872049157,0.898585536209,1.19913916154,1.19906825991,0.873711037962
CP002745,1.2194139182140873,0.4443873572061652,0.50207311587,1.78541916978,1.46578089512,0.460396177319
CP003147,1.0681337326500353,0.41907833455580074,0.629055910365,1.43272835301,1.53018429787,0.687349809826
CP003380,0.9640689399206809,0.4024374628825913,0.710040230554,1.04159463625,1.28939614587,1.09249794056
CP003653,0.7411719724481222,0.37235490052530107,0.981291262393,0.591802130056,0.615369696219,1.5044807204
CP004372,1.3209572574794566,0.4757785552647943,0.306287938708,2.12053677005,1.47475996548,0.169327726534
CP007142,0.9898599811956853,0.3975823770982618,0.714487169223,1.31623093842,1.15442008976,0.966453631083
CP009217,0.63197878620074,0.328373666920264,1.12635372976,0.401794084617,0.959269443258,1.24206725988
CU466930,0.7646044381795677,0.35002839436063304,0.895825198588,0.789684930245,0.968012463043,1.26977680371
FQ312005,0.7406812608014767,0.3431000495650759,0.86180060696,0.588733889786,1.41125759048,1.21637414978
AE006470,1.15375053733385,0.4111351254857332,0.524981078902,1.81533863839,1.63698549442,0.448134940965
AE016830,0.7623991962481931,0.3500116025584458,0.986282043757,0.694886995801,1.15175733777,1.15140232176
AL954747,1.0321196493811173,0.4131109353079015,0.790365917235,1.28763667385,1.18436664038,0.867513433588
AP007255,1.3236345672299834,0.46862572944813785,0.16529566564,2.06537511848,1.70959543705,0.216960502939
AP011529,0.6216245703471981,0.29799829450449833,1.15998676455,0.48457034092,0.970704619155,1.09394084007
AP012273,1.13948559225028,0.41534767745308326,0.594394418638,1.70639188021,1.32388657639,0.654417444697
AP014633,0.8405407345214888,0.38253298841329536,0.891595957194,0.875810775873,1.01927129799,1.19515444352
CP000061,0.5711332659056977,0.2751256135627836,1.08763671218,0.632779937136,0.682046683722,1.18778523137
CP000159,1.3407846979314033,0.4657751062759062,0.194298840532,1.67411904068,1.9771008127,0.407476236386
CP000383,0.7929754033935339,0.36516335436470115,1.03001381009,0.925036140446,1.02284530406,1.01182085743
CP000510,0.8274816654727378,0.3695793365733583,0.845097613903,0.999338847581,1.2099719195,1.05344794338
CP000771,0.704709154525326,0.3186086521424728,1.19215863899,0.698162440251,1.06578545892,0.933897806209
CP000930,1.1613433452528252,0.42109845040722754,0.629732649131,1.80629105868,1.52847498579,0.383117735961
CP001132,1.1914282559130043,0.448408340546883,0.486450601633,1.61307891482,1.39520836537,0.665789055492
CP001607,0.863611928218076,0.36733197272108814,0.839846355322,1.09877976729,1.06870635251,1.06646120479
CP001684,1.2212213611193377,0.42610289086412173,0.311258723765,1.97393379777,1.82575421345,0.336288016289
CP001778,1.3743357056232333,0.48685655842694014,0.226010975776,2.07581736754,1.5254583876,0.167520311156
CP001867,1.4835306493896838,0.5192091205630798,0.0785674951132,2.29253243578,1.26255306141,0.0682301667713
CP002039,1.2864713423505179,0.4491550241930241,0.207176567105,2.12881128457,1.7016162887,0.247736333838
CP002175,0.6127754056025972,0.3183490435449462,1.05562520923,0.31273987726,0.667730562832,1.47863268977
CP002400,1.1358967186354736,0.41656029687237284,0.720637003796,1.54240228472,1.5178901137,0.521172854376
CP002545,0.7429420025464842,0.3474856190158346,1.01161238463,0.790124326967,1.06147651139,1.09574168462
CP002776,0.951089502728123,0.4028775298477838,0.651338608277,1.14972457096,1.26769144843,1.078337241
CP003153,1.3216463107645349,0.448698897817591,0.238408825985,2.03090292513,1.68189460172,0.326302467027
CP003389,1.404087427428404,0.48483328648323604,0.0945919224943,1.16295013479,2.94585894932,0.172721329647
CP003732,1.0974592881029526,0.40772658277432305,0.69818712578,1.59582384152,1.5129705453,0.541791535758
CP004388,1.1114443571401085,0.43186149592351614,0.518416216176,1.75685201134,1.33378935472,0.604263496745
CP007155,1.4227146334159648,0.4983330623416392,0.108209923248,2.51482777716,1.08682050282,0.09996533996
CP009302,1.2843453158379123,0.4465141412930804,0.291923371815,1.92394373945,2.04395922415,0.141418139916
CU469464,0.45208494955223943,0.2444951638534834,1.07633287853,0.305082663101,0.575666958336,1.32358745266
FR872580,0.795072599416249,0.35676206596203386,0.973693424376,0.817767363973,1.14929823961,1.08147484756
