acc,gc,cor_mean_use,p_mean_use,cor_total_use,cor_total_p
AE000511,0.39662726626981054,0.72485221928,0.0653366718492,-0.409933013089,0.361044432219
AE006914,0.3292647947081587,0.975525622922,0.000177629419765,-0.135717490998,0.771714862794
AE016877,0.359804078273155,0.857608053224,0.013589648873,-0.36374216347,0.422518826981
AM167904,0.6221962042039854,-0.631855738488,0.127937692628,-0.944972084134,0.00132430240029
AP008230,0.4858153434706323,0.324547575725,0.477583626659,-0.761060527517,0.0469020567038
AP011540,0.6109642039036852,-0.553730238219,0.197179727784,-0.987440895088,3.37226976504e-05
AP012292,0.5184510223370487,0.120340459817,0.797179763147,-0.80642599617,0.0284434390759
AP014648,0.6345217692730161,-0.750613616912,0.0518804274735,-0.96217454098,0.0005236688017
CP000082,0.44686578830201446,0.813084917581,0.02615964352,-0.595612950983,0.158213965102
CP000230,0.6622089736850888,-0.667297185093,0.101496742995,-0.929437370751,0.00244496725151
CP000386,0.710701129979625,-0.842060383163,0.0174546128756,-0.9613536294,0.000552299250825
CP000512,0.6913775639535336,-0.798637072628,0.0312514883226,-0.955305621384,0.000791785467755
CP000774,0.6284782597567031,-0.727635664761,0.0638015935336,-0.960077030516,0.000598630329506
CP000934,0.5275744523872895,0.128025102852,0.78443461285,-0.913254875414,0.00406050592591
CP001135,0.6109921879171745,-0.606101729128,0.149119213179,-0.933810953914,0.00208854239667
CP001614,0.5179313110288861,0.135881317738,0.771444399745,-0.898079285573,0.00602525777489
CP001685,0.3086298706951685,0.957087678892,0.000715898049329,-0.160610889189,0.730841605087
CP001779,0.26240640229289885,0.991143140927,1.41120283081e-05,0.0447404905016,0.924122180305
CP001874,0.7260230575336428,-0.834993206309,0.0193953332179,-0.947706491297,0.00116760782923
CP002040,0.7311996024451434,-0.800221033953,0.0306684489971,-0.933704679888,0.00209681383608
CP002209,0.6125071461502997,-0.676057048603,0.0954499490539,-0.952516814165,0.000919741311378
CP002403,0.4541809768230922,0.599798415843,0.154552516738,-0.560907871777,0.190204947239
CP002546,0.569385340437131,-0.543766021271,0.207062695018,-0.967669514446,0.000354748592043
CP002786,0.6262662941753714,-0.725993419364,0.0647049140164,-0.981051488365,9.39655729059e-05
CP003154,0.6344688573401801,-0.679688132884,0.0930005193778,-0.9568988341,0.000723725907089
CP003418,0.3436769215896643,0.919977186722,0.00333128462573,-0.290634814561,0.527174540126
CP003740,0.5542419838137135,-0.389815349383,0.387341189456,-0.923846180731,0.00294938310244
CP004393,0.665997308057792,-0.776649058266,0.0399832047134,-0.955581651904,0.000779734027048
CP007161,0.38136720730863954,0.853626900176,0.0145269257763,-0.416646930885,0.352438365385
CP009415,0.31704585017331943,0.926490622117,0.00270389726411,-0.14085790186,0.763237383119
FM178379,0.4002548197146653,0.801571794972,0.0301760929072,-0.473217200309,0.283483592805
FR872582,0.42524884557552967,0.602877694079,0.151886093123,-0.620699997137,0.136911127271
AE000512,0.4646011006727097,-0.109617672116,0.815023290361,-0.714675300122,0.0711170425448
AE007869,0.6034284547433684,-0.652288350145,0.112308268865,-0.954626571885,0.000821899657436
AE017126,0.3712132353889779,0.949523069128,0.00106989232643,-0.356038447209,0.433140267154
AM180252,0.34807466529859216,0.908501971993,0.00462760586595,-0.220112812618,0.635310926509
AP008231,0.5623362586197534,-0.248195437981,0.591507300986,-0.980689462261,9.84990738229e-05
AP011615,0.44676969863431587,0.746319496956,0.0540066232396,-0.744265880691,0.055039938397
AP012319,0.7138818869987676,-0.798582131845,0.0312718215913,-0.944677377108,0.00134188880494
AP014800,0.6734605469483514,-0.722526287916,0.0666345410806,-0.938674821826,0.00173034138963
CP000083,0.3891172153445077,0.90935695313,0.00452239564906,-0.413282535329,0.356740131672
CP000232,0.5706074878970236,-0.494050130609,0.259769596333,-0.928205722746,0.00255133244272
CP000388,0.4551163096721523,0.706479695638,0.0759637026727,-0.708066757668,0.0750118034549
CP000513,0.4512870429935244,0.48111168976,0.274387377028,-0.787501666866,0.0355241678798
CP000781,0.680246048461197,-0.774367437276,0.0409579190305,-0.953101053144,0.000891994027337
CP000975,0.45955211584023675,0.213398606543,0.645915471192,-0.666773651595,0.101864285545
CP001145,0.4499245474744258,0.495617345669,0.258023701113,-0.621175526269,0.13652231383
CP001616,0.49901291909450823,0.311278127659,0.496782781716,-0.854389559201,0.014344603592
CP001686,0.7192896861655812,-0.796824422636,0.0319262415182,-0.935979973531,0.00192390537178
CP001785,0.6006024550853029,-0.791327536247,0.0340217552699,-0.953051919638,0.000894308176179
CP001896,0.6503930626011356,-0.728269435979,0.0634548198912,-0.958446155321,0.000661066079374
CP002045,0.5378218284884533,-0.163542465227,0.726059620765,-0.943510513349,0.00141286913983
CP002271,0.6786791120499109,-0.817843503688,0.0245931346815,-0.964536823261,0.000446269117328
CP002432,0.5689745883197693,-0.506633549634,0.245904123507,-0.940668293229,0.00159487037025
CP002547,0.4743938686420233,0.342364464808,0.452239634331,-0.717415946148,0.0695344542775
CP002810,0.7417088058386201,-0.815274997473,0.025431915765,-0.933961184245,0.00207688256361
CP003156,0.4076936812836407,0.904861151373,0.005091513183,-0.426732504163,0.339674189334
CP003470,0.6794264954825229,-0.775828786849,0.0403321323522,-0.950859827885,0.00100118834328
CP003745,0.4167969354643031,0.783291536831,0.0372192972333,-0.587972105558,0.165008177786
CP004885,0.5963702436640625,-0.678184035407,0.0940110821542,-0.960349804167,0.000588544495256
CP007202,0.3440963638938524,0.937421982859,0.00181882733492,-0.250270469558,0.588307696603
CP009416,0.43218294499414833,0.596999209083,0.156996531053,-0.57647671742,0.175495966238
FN667741,0.4641427767152045,0.64816046334,0.115381356661,-0.762691201791,0.0461497684329
HE717023,0.4252621710116857,0.709863453205,0.0739419094954,-0.565648196809,0.185665343839
AE000513,0.6772065153517473,-0.781418008002,0.037987762906,-0.956435951223,0.000743126681169
AE008691,0.3787847063886088,0.777223162418,0.0397399892452,-0.32979470565,0.470067111963
AE017143,0.38845757471659226,0.825213084992,0.0222740886288,-0.502586583085,0.250325264807
AM180355,0.3012983633145095,0.977824288373,0.000138985273246,-0.0625728391127,0.893980885283
AP008232,0.5632457117587529,-0.388841184575,0.388633599356,-0.919606028455,0.00336935779788
AP012027,0.368108461511992,0.850680703582,0.0152436370462,-0.384454535084,0.394474702606
AP012320,0.7159454331144924,-0.782985961391,0.0373440407416,-0.932045860195,0.00222842240926
AP014815,0.33526082463185586,0.92829481031,0.00254354954193,-0.202211320218,0.663690496134
CP000088,0.6825387891591227,-0.817791930547,0.02460982087,-0.957720529664,0.000690032294869
CP000237,0.4148670515612202,0.860464465528,0.0129391212626,-0.468522884427,0.288955327677
CP000390,0.6166465256413678,-0.706820433919,0.0757587915656,-0.961264289316,0.000555469766546
CP000514,0.5798340787739166,-0.525182955884,0.226108757273,-0.950909846863,0.000998669770461
CP000783,0.5799525946466587,-0.547908960456,0.202925373001,-0.921642867977,0.00316352896117
CP001013,0.6940778574023785,-0.789329340506,0.0348019367335,-0.947626373587,0.00117203391463
CP001146,0.3387181566066459,0.906102876519,0.00493039114301,-0.15314998523,0.743042838914
CP001618,0.7329910296350217,-0.814274405626,0.0257629634094,-0.937813069125,0.00179092645986
CP001698,0.6244544159101809,-0.843025179617,0.0171986629309,-0.933136754507,0.00214134244615
CP001792,0.4898958284834345,0.287006059079,0.532580382452,-0.7741225599,0.0410633028605
CP001928,0.4438299284077071,0.3588945814,0.429190564818,-0.66802980211,0.100983579736
CP002046,0.344094034505972,0.935544930965,0.00195629027688,-0.206770380003,0.656431174429
CP002281,0.3546489342199557,0.881735647938,0.00865971284677,-0.225639947924,0.62661819439
CP002444,0.5235249453193764,-0.521169375004,0.230326132677,-0.802678509135,0.0297760120369
CP002548,0.28562652897750646,0.899764060776,0.00578474340039,-0.181353676596,0.697162244378
CP002825,0.3142252133424444,0.962068810331,0.000527305647507,-0.146045921452,0.754700418436
CP003171,0.6246381500061965,-0.657906709025,0.108194523271,-0.936579158646,0.00187982136953
CP003488,0.4278039587643238,0.797875085754,0.0315341548622,-0.626150806181,0.132487954535
CP003746,0.5649029613550763,-0.367499024847,0.417376117658,-0.942848950359,0.00145407376343
CP005287,0.6403267760347976,-0.758797083447,0.0479573461472,-0.972505634013,0.000237211721754
CP007215,0.5503256327211973,-0.317581701357,0.487628642787,-0.912563166524,0.00414035576921
CP009450,0.6090669502575469,-0.628729877573,0.130420845591,-0.948261772187,0.00113720284496
FO082060,0.4967819697732388,0.023367193814,0.96034144908,-0.876414880907,0.00963813960499
HE804045,0.7263853641617779,-0.796340273127,0.0321078273774,-0.932337273159,0.002204960748
AE000516,0.6581958559860726,-0.735556613736,0.059540900627,-0.958327178079,0.000665765120782
AE008692,0.4783040375928473,0.590592506101,0.162662151031,-0.736473049767,0.0590582304488
AE017180,0.6168454707792773,-0.759207747935,0.0477649241578,-0.959401735598,0.000624037938947
AM236080,0.6210835555518882,-0.709378952674,0.0742296097913,-0.957319719971,0.000706348618997
AP008955,0.4798820093208698,0.120220215915,0.797379481711,-0.799871188555,0.0307966954209
AP012029,0.5447605024741461,-0.336291745596,0.460820662149,-0.927431224385,0.00261958341949
AP012332,0.4217961767143326,0.797310041344,0.0317446819895,-0.434940102528,0.329434136498
BA000012,0.63586764081016,-0.723680067389,0.0659890123731,-0.953814112016,0.000858807916547
CP000089,0.5998441732787307,-0.617309024429,0.139699973734,-0.960247907596,0.000592300243448
CP000238,0.3438911115163086,0.934510620414,0.00203456561787,-0.172226172491,0.711936676671
CP000393,0.36832029462704247,0.935671539003,0.00194683265686,-0.368357098351,0.416204952993
CP000542,0.6570171827481953,-0.741408355686,0.0564955206448,-0.947875667953,0.00115829417654
CP000806,0.3878220883883853,0.834021235705,0.0196713591697,-0.492057055292,0.261997664851
CP001016,0.5836579241973641,-0.445134184872,0.316902983051,-0.954462965336,0.000829254848092
CP001147,0.3421448165336323,0.84082509369,0.0177854654609,-0.223080739139,0.630638953998
CP001619,0.5267998740519426,-0.428406888836,0.337574360689,-0.886377353639,0.00785516709037
CP001699,0.4629834067508879,0.755906025065,0.0493240056638,-0.67495473028,0.0962001628199
CP001801,0.5559795518166795,-0.318132381445,0.486831816296,-0.953051265238,0.000894339021817
CP001931,0.4709078697059707,0.0138235503152,0.976534654273,-0.587631778261,0.165314091567
CP002048,0.5167457590138003,-0.264179402819,0.566999942244,-0.834088424513,0.0196522072995
CP002287,0.6669281261610865,-0.739493789827,0.05748234724,-0.938417685269,0.00174829077868
CP002446,0.7058823722927658,-0.781627090625,0.0379015715498,-0.940935704664,0.00157719121682
CP002563,0.35998655170719857,0.855439981528,0.0140956410997,-0.378373236246,0.402629801413
CP002829,0.30724833339601865,0.865780810472,0.0117767812969,-0.103997654006,0.824401297834
CP003178,0.45906183709070575,0.748125951189,0.0531064929572,-0.690735562024,0.0857541917074
CP003493,0.692551583365033,-0.786186858651,0.0360488388205,-0.947466409128,0.0011809007213
CP003789,0.3668844062178236,0.893132666983,0.00676454522864,-0.249607490386,0.589329404686
CP005957,0.48994111229412307,0.572260110542,0.179422610548,-0.789302882288,0.0348123332307
CP007444,0.6474132886743456,-0.769994046273,0.0428625728775,-0.962839014927,0.000501153566797
CP009451,0.5642535544542365,-0.492910149126,0.261042924905,-0.906539062341,0.00487450833405
FO117623,0.7317109894425325,-0.791747187019,0.0338591562033,-0.932619872528,0.00218234793025
HE956757,0.6388732703534007,-0.715759602058,0.070488625532,-0.956022818083,0.000760699586991
AE000520,0.5263336130424359,-0.223069221994,0.630657064978,-0.83841829284,0.0184402549685
AE008917,0.5838707591177207,-0.516177754822,0.235622101739,-0.938281327024,0.00175785353931
AE017196,0.3553269386385616,0.971666330075,0.000255615273433,-0.272103431835,0.554972208386
AM260525,0.40824537590823917,0.856193008791,0.0139186971699,-0.443350419013,0.319080566781
AP008957,0.6288871813681345,-0.729440475827,0.0628167608084,-0.97416870938,0.000203133997441
AP012032,0.5498665895764072,-0.263293360258,0.568349955836,-0.892144354383,0.00691822554652
AP012333,0.5934968279218541,-0.70949029786,0.0741634392271,-0.949474135276,0.00107245856933
BA000019,0.42519180174957283,0.811826682899,0.0265829621067,-0.696645675702,0.0820050142704
CP000103,0.5494863817646178,-0.370177688432,0.413724327651,-0.919772281563,0.00335227235145
CP000245,0.7048791134712341,-0.789806780392,0.0346146282743,-0.941932957189,0.00151228206295
CP000394,0.5972313087697703,-0.398949800794,0.375307538423,-0.930883223554,0.00232348267631
CP000544,0.6838918750219568,-0.770583942735,0.0426028778547,-0.955722631894,0.000773621049041
CP000812,0.3876170873484334,0.770277478843,0.0427376863496,-0.453921735915,0.306269988654
CP001022,0.48620049346586763,-0.168710891677,0.717646164089,-0.884275796875,0.00821381388205
CP001154,0.633751158120906,-0.719571621912,0.0683030908198,-0.952599568307,0.000915780478944
CP001628,0.7327999301163437,-0.799551010766,0.0309143285323,-0.930625369087,0.00234488216648
CP001700,0.703521229714885,-0.784161782974,0.0368653097049,-0.942114873837,0.00150061459566
CP001802,0.6752621956231492,-0.775524583078,0.0404619611142,-0.952954618157,0.000898901470637
CP001940,0.6128720595207168,-0.680419051497,0.0925115086006,-0.949816069201,0.00105460243278
CP002049,0.6884758528974098,-0.8466710833,0.0162508246198,-0.966581546961,0.000385123459237
CP002292,0.6319508720129303,-0.786948115173,0.0357445402311,-0.967454505428,0.000360634041237
CP002449,0.6912199107983025,-0.792338357783,0.0336308354318,-0.949221499481,0.00108576541974
CP002568,0.6782657779361551,-0.775038661598,0.0406698224629,-0.948813150541,0.00110747935305
CP002831,0.46571824310298143,0.522826378045,0.228580560379,-0.688173975257,0.0874067812982
CP003198,0.4863360703551902,-0.121884838309,0.794615419818,-0.710618051941,0.0734950131907
CP003495,0.6948170145125205,-0.782939231583,0.0373631374308,-0.957298877866,0.000707203251812
CP003837,0.41359856240451104,0.874238630438,0.0100558117892,-0.551539408112,0.199332780147
CP005990,0.6433229810222408,-0.637346333001,0.123635043249,-0.964095223062,0.000460181671877
CP007445,0.3504506660469098,0.919189097446,0.0034124286032,-0.298507115876,0.515511385869
CP009621,0.4844620561861646,0.204260727475,0.660424635322,-0.701788430385,0.0788149631429
FO203431,0.7434913433548107,-0.784293552782,0.0368118737211,-0.921887751223,0.00313929314742
HE983995,0.37748657574574024,0.886420056451,0.00784797540809,-0.364642589307,0.421284020829
AE000657,0.4374537466830877,0.0192436278414,0.967337051341,-0.603375739785,0.151457003887
AE008922,0.656978944267029,-0.715472681074,0.0706546219689,-0.949540577281,0.00106897502705
AE017198,0.3503963637347474,0.881453728135,0.00871004208812,-0.216529621539,0.640964243342
AM286690,0.5534840821467757,-0.257180857305,0.577690735504,-0.914939845691,0.00386978395568
AP008971,0.326295328598776,0.893002248766,0.00678471036209,-0.270792187981,0.556956799476
AP012035,0.6833400460913468,-0.743553135258,0.0554010649424,-0.948847286488,0.00110565444005
AP012334,0.4948709318380882,0.502674974412,0.250228313139,-0.760689360458,0.0470742232172
BA000021,0.23699869094371057,0.995723638013,2.2916291383e-06,0.0172464389359,0.970725890015
CP000107,0.3104652294000956,0.988948311854,2.45159808004e-05,-0.0717337931227,0.878534010084
CP000248,0.6565973608528036,-0.767705883973,0.0438781512229,-0.961874048922,0.000534044036746
CP000411,0.38960178336342727,0.851501598952,0.0150419586666,-0.493478755499,0.260407451831
CP000555,0.6945508263943289,-0.797005460257,0.0318584889238,-0.951924719441,0.000948376100012
CP000817,0.3808881891325906,0.809257079863,0.027459354384,-0.435634532064,0.328573882702
CP001032,0.6557032221235329,-0.788780256637,0.0350180480502,-0.967152841861,0.000368988692042
CP001157,0.6660049589995833,-0.772524255643,0.0417548159614,-0.956586258134,0.00073679354269
CP001629,0.5970585238949758,-0.703051704519,0.0780416560187,-0.940130520328,0.00163077589224
CP001706,0.5864187465929445,-0.604984173463,0.150075416942,-0.971202482102,0.000266138917995
CP001804,0.7001839891891123,-0.801592047552,0.0301687446883,-0.95564189124,0.000777118526972
CP001958,0.6733780713364466,-0.815997149345,0.0251944863032,-0.963818847623,0.00046901812024
CP002082,0.3064471397728669,0.873499909733,0.0101999136882,-0.162421752367,0.727886899518
CP002305,0.41000636494405024,0.887333221123,0.00769509837754,-0.495901298309,0.257707950534
CP002452,0.5514756863556461,-0.574984550123,0.176880653707,-0.897747835081,0.00607324596271
CP002584,0.4195364421935612,0.912637449835,0.00413173707847,-0.578456298116,0.17366721836
CP002858,0.38827833752043317,0.924574067457,0.00288056397693,-0.359719402192,0.428052519065
CP003230,0.4257855426363625,0.743110509948,0.0556259772553,-0.593246065323,0.160303422061
CP003532,0.457639948559967,0.43034753708,0.335147530257,-0.669274734772,0.100114680421
CP003869,0.4589259339354815,0.54249905991,0.20833591175,-0.680080646973,0.0927377447234
CP006587,0.637161035270863,-0.797059392406,0.0318383205703,-0.965825107559,0.000407121431874
CP007446,0.43515517541224646,0.878066081506,0.00932803170682,-0.606315067781,0.148937024697
CP009706,0.5038884398654375,0.12412723899,0.790894675384,-0.826898365613,0.021761925998
FO203503,0.4233254857745505,0.683404874228,0.0905279791623,-0.556788756229,0.194192806293
HF680312,0.4710783808807935,0.59893975575,0.155300186539,-0.768698177637,0.0434361215757
AE000783,0.28987516776353023,0.979946060236,0.000108210988783,-0.032737692743,0.944452544504
AE009951,0.27451808754024676,0.978464246342,0.00012921861099,-0.00711353488143,0.987923993658
AE017221,0.6974243839316477,-0.866926115779,0.0115345679272,-0.964053513058,0.000461508860396
AM398681,0.33321696917251153,0.946129590323,0.00125654948763,-0.305497583897,0.505230013815
AP009152,0.7127274790965155,-0.818433753168,0.0244026168141,-0.942109965215,0.00150092871743
AP012044,0.5480359356870546,-0.425519841761,0.34119841842,-0.874858964379,0.00993571484212
AP012337,0.6009152996065423,-0.66840528676,0.100721097334,-0.950733519058,0.00100756498974
BA000028,0.36184658628074096,0.871285078188,0.0106390523356,-0.377363740886,0.403989955402
CP000109,0.44067562947359135,0.549952634045,0.200899216489,-0.699366602024,0.0803088353782
CP000249,0.7065436814200738,-0.796026007586,0.0322260040373,-0.955362158836,0.000789308138701
CP000414,0.38403140181675266,0.849514763201,0.0155327249585,-0.494892780726,0.258830206043
CP000568,0.4041951328526935,0.856383360084,0.0138741713923,-0.427676699235,0.33848940535
CP000822,0.5478411775466502,-0.334044356479,0.464011454769,-0.893637772957,0.00668677450158
CP001034,0.3684694922409318,0.888555991971,0.00749310924863,-0.342113168326,0.452593535758
CP001196,0.6318265560351466,-0.72769673502,0.0637681339379,-0.964315311454,0.000453216121422
CP001630,0.7414049890260729,-0.788181695725,0.0352544809337,-0.924775630879,0.00286167507447
CP001707,0.4438984506203889,0.717202371671,0.0696570960853,-0.675496192499,0.0958312702832
CP001807,0.6534605750946907,-0.784669496865,0.0366596553875,-0.960173507783,0.000595051456377
CP001964,0.7443180484377416,-0.80387933911,0.0293452858735,-0.930297185795,0.0023722851131
CP002083,0.6147164419534201,-0.723791848484,0.0659266518326,-0.969311525324,0.000311684027687
CP002343,0.7101441907973121,-0.830214314549,0.0207738198127,-0.955182331431,0.0007972036712
CP002453,0.3437020163671644,0.946417837431,0.00124000321232,-0.215539309465,0.642529138178
CP002593,0.7353758843767417,-0.796722336388,0.0319644823166,-0.932213151257,0.00221493596305
CP002859,0.47801572611572407,0.246364117223,0.594335495592,-0.775097786703,0.0406444992052
CP003236,0.6864618026106204,-0.69747448733,0.0814863512674,-0.925965953593,0.00275160961598
CP003549,0.3883231329353919,0.898931845684,0.00590283684582,-0.495958936596,0.257643879312
CP003879,0.3538457353987457,0.941251547436,0.00155645959503,-0.299893092221,0.513467250356
CP006745,0.4126795295100983,0.807389405258,0.0281063760593,-0.427866128873,0.338251918738
CP007451,0.4240430929959775,0.722938062197,0.0664037686437,-0.643275963074,0.119073043157
CP009761,0.28960229150273914,0.966168893616,0.000397033817394,-0.0367360631879,0.937676995687
FO538765,0.6022496842710559,-0.587727880454,0.165227678699,-0.940180942588,0.00162738932347
HF951689,0.5525654522655463,-0.569644400732,0.181879813597,-0.898423433038,0.00597566515652
AE001273,0.4173422983328902,0.695972120386,0.0824278071183,-0.541856619217,0.208982948252
AE009952,0.48973873887305164,0.48525571299,0.269666019278,-0.837909842832,0.0185803059049
AE017262,0.3858917127693095,0.78080577355,0.0382407723361,-0.465514189451,0.292486737512
AM406670,0.6833803000603231,-0.786699645428,0.0358437039547,-0.952227342171,0.000933675836274
AP009153,0.645914710160593,-0.706276913261,0.0760857910326,-0.963840230782,0.00046833088176
AP012046,0.3672560324752774,0.861085037662,0.0128002031145,-0.368052496,0.416620550804
AP012338,0.7331149115745128,-0.817615031098,0.0246671040953,-0.945798820845,0.00127569642386
BA000039,0.5465170900150912,-0.057996599213,0.901707418729,-0.950672123456,0.00101067316789
CP000113,0.6922761162349278,-0.816655642406,0.0249790786683,-0.959856093124,0.00060687409768
CP000251,0.7494502408656927,-0.825869161806,0.0220739040275,-0.941655421201,0.00153018493571
CP000422,0.3800056053811659,0.848398917485,0.0158122979038,-0.428449093594,0.33752150348
CP000569,0.4243856212053675,0.672870838632,0.097626833758,-0.628909807898,0.130277250391
CP000828,0.4848538908123442,0.439062261044,0.324341770785,-0.860433063571,0.0129461735932
CP001055,0.40789952221230347,0.615388354559,0.141292215699,-0.424726576555,0.342197056244
CP001220,0.6267299709362508,-0.678780879018,0.0936093915989,-0.945179113913,0.00131202985744
CP001631,0.6848877432898204,-0.8142223749,0.0257802437678,-0.967204505756,0.000367549774418
CP001708,0.36599509018030063,0.875962975061,0.00972403126647,-0.288882031171,0.529783387282
CP001810,0.4086015553043133,0.834713072746,0.0194746602973,-0.336244760167,0.460887287793
CP001965,0.5830305694876747,-0.65480501799,0.110455734055,-0.93895754177,0.00171073194233
CP002084,0.56112375526641,-0.473152871589,0.283558259489,-0.939744437142,0.00165684445811
CP002344,0.7262961885267833,-0.780740186189,0.0382679319113,-0.934434972577,0.00204036152974
CP002455,0.36765932817402386,0.909565845638,0.00449690453822,-0.459499223432,0.299603567463
CP002606,0.3754681970349115,0.724736380099,0.065400984503,-0.309425117553,0.499485182841
CP002899,0.36580287940143474,0.842302277356,0.0173902388831,-0.442747937188,0.319817519726
CP003255,0.6174766802524909,-0.736756012054,0.0589096299464,-0.951556354066,0.000966453467398
CP003555,0.5575404358277511,-0.310340587777,0.498149430492,-0.914282777447,0.00394352026028
CP003881,0.4536134178216294,0.714252694434,0.0713627781356,-0.672408007779,0.0979451906181
CP006772,0.42177885282775956,0.840837383042,0.0177821565465,-0.517951508498,0.23373375536
CP007452,0.44981215249239126,0.323702021433,0.478798926558,-0.574287891596,0.177528959507
CP010048,0.31314421066266956,0.953812857952,0.000858865628529,-0.136046756591,0.771171293919
FP476056,0.4365059363295206,0.737495530925,0.0585222233244,-0.600163857918,0.154234858298
HG315671,0.34354652666474106,0.924973900866,0.00284316584316,-0.254892400086,0.581200048929
AE001363,0.41418252261119437,0.744717783457,0.0548116391636,-0.515025991361,0.236852068776
AE010300,0.36748796979684045,0.821065396875,0.0235633326401,-0.377140503906,0.404290981085
AE017263,0.27118713225993357,0.944519635395,0.00135135820867,-0.041865304648,0.928989519784
AM420293,0.7176775405666175,-0.808786132028,0.0276217086398,-0.944139636801,0.00137433145153
AP009178,0.3987444009332109,0.820269192115,0.0238155116145,-0.475954841862,0.280314151813
AP012047,0.2727812492107672,0.974907117824,0.00018900227043,-0.00355002546333,0.99397332757
AP012342,0.5074988969252041,-0.201683212291,0.664532757794,-0.822346173522,0.0231608512679
BA000043,0.5306091002789196,-0.513404355727,0.238588866809,-0.885987557191,0.00792098986798
CP000115,0.6313379363704408,-0.727540451917,0.0638537783185,-0.963476648295,0.000480097652681
CP000252,0.5258412995307958,-0.276568178091,0.548231990542,-0.868685559931,0.011168095129
CP000448,0.4577264142807687,0.713716291606,0.0716753390133,-0.671452451251,0.0986041850885
CP000612,0.43342605753842445,0.738489633659,0.0580036353942,-0.578569080611,0.173563312647
CP000830,0.6646414737119225,-0.733426596452,0.0606709769185,-0.941252010067,0.00155642934689
CP001071,0.5686910967164316,-0.591821423401,0.161567648694,-0.922496221407,0.00307954555311
CP001230,0.37451973732639404,0.568565484615,0.182898104214,-0.285642155798,0.534617000007
CP001632,0.4065995563046862,0.878478749386,0.00925144189627,-0.461872450314,0.296786574276
CP001712,0.5617904682568607,-0.614639648601,0.141915364788,-0.928152804412,0.00255596212212
CP001814,0.7155033859677516,-0.801532072615,0.0301905082293,-0.943693733987,0.00140158083991
CP001966,0.6891375116222271,-0.774529302482,0.0408883419235,-0.951212086806,0.000983531003901
CP002085,0.6633138995952846,-0.753716603314,0.0503730038982,-0.93490274129,0.00200467774365
CP002345,0.40015062786078137,0.920491066699,0.00327898869014,-0.507798554429,0.244638150054
CP002456,0.3785337946447704,0.881669273068,0.00867154714591,-0.301530599944,0.511055746459
CP002628,0.6100735903864921,-0.724398908486,0.0655885396083,-0.97138813552,0.000261896541837
CP002901,0.572955143639355,-0.5115536634,0.240578197259,-0.95628345612,0.000749584851519
CP003257,0.2916739383255777,0.955972146768,0.000762871686798,-0.137916467038,0.768086094394
CP003557,0.41967010043652975,0.796766118404,0.0319480787481,-0.648656153186,0.115010066048
CP003903,0.32035736021804134,0.946402291833,0.00124089227556,-0.186423933557,0.68898762002
CP006773,0.6308726121645015,-0.666100475831,0.102337902646,-0.936122892397,0.00191333573575
CP007490,0.518740475445059,0.00230056380724,0.996094451916,-0.899526313951,0.00581833878953
CP010311,0.581190651349669,-0.578568361501,0.173563975061,-0.940855563263,0.00158247735395
FP565575,0.5915579170786656,-0.650001356335,0.114005571085,-0.954146152689,0.000843608076749
HG793133,0.28343267473662265,0.990096538447,1.86471889138e-05,-0.0135382510226,0.977018857418
AE001437,0.3156770534814757,0.981621338645,8.70861573028e-05,-0.0707936783189,0.880117855929
AE013218,0.26365609063986933,0.975820663371,0.000172351850901,-0.0122866968873,0.97914302993
AE017282,0.640590072203758,-0.75926349023,0.0477388381231,-0.961971134174,0.000530678719025
AM494475,0.3093770417019434,0.97871352245,0.000125528635146,-0.0849374155706,0.85632533643
AP009179,0.44808740322169555,0.532781723448,0.218224716815,-0.609767625715,0.146004135825
AP012050,0.3632235865356631,0.817682383997,0.0246452851704,-0.406477856743,0.365506862253
AP012547,0.6386345752506073,-0.717756440816,0.069339170634,-0.951056333644,0.000991315382362
BA000045,0.6298453406067768,-0.749596245683,0.052379956818,-0.970427994125,0.000284276331104
CP000116,0.6651157523052295,-0.799095680535,0.0310820483821,-0.96139269901,0.000550916124062
CP000264,0.6280918241592904,-0.644715195731,0.117979051882,-0.939751899862,0.00165633826127
CP000449,0.6317199841727881,-0.611051523568,0.144920966885,-0.9526811813,0.000911884164684
CP000653,0.542307393791934,-0.26185986185,0.570536246654,-0.895912963809,0.00634291292093
CP000859,0.5734197323716023,-0.598483535461,0.15569816859,-0.893290459628,0.0067401940102
CP001080,0.32084590074033453,0.81289278344,0.0262240378091,-0.230911706499,0.618358958359
CP001275,0.6366301565403677,-0.775843097589,0.040326030465,-0.979396256327,0.000115746704923
CP001634,0.41609224033928344,0.611742160422,0.144339986006,-0.532167089511,0.218857512203
CP001715,0.6441597992335606,-0.745652277064,0.0543411768478,-0.965657953397,0.000412080589283
CP001816,0.3943784897349621,0.835949741119,0.0191258491337,-0.389636761875,0.387577989061
CP001968,0.4327836417283887,0.610864908274,0.145078153975,-0.497176427774,0.256292208961
CP002102,0.6893266409315721,-0.742582271699,0.0558950416991,-0.929445028864,0.00244431420407
CP002346,0.35795731870199804,0.949744383852,0.00105833123976,-0.268682923841,0.560153993421
CP002467,0.580285114934478,-0.677228426339,0.0946561135358,-0.948181938345,0.00114154507926
CP002629,0.5435386319107249,-0.408054616209,0.363467623507,-0.920364475351,0.00329182653602
CP002955,0.3920401369556203,0.939247065771,0.00169078684978,-0.4450800725,0.31696894739
CP003274,0.5798239752003184,-0.748907504487,0.0527196133692,-0.940737882931,0.00159025846258
CP003590,0.46587833963355896,0.457326181386,0.30219321172,-0.839842058546,0.0180512828404
CP003938,0.55322888175197,-0.347603126887,0.44488567165,-0.905017877018,0.00507101049619
CP006900,0.6540312362078048,-0.762766624854,0.0461151347607,-0.961734865153,0.000538890670641
CP007496,0.4504515062448337,0.747449725676,0.0534424799995,-0.690003382357,0.0862248488298
CP010327,0.34975680237524465,0.95090114657,0.000999107581196,-0.236576191785,0.609519900001
FP565809,0.33872525410011073,0.915526787151,0.00380460394271,-0.163784546844,0.725665051405
HG934468,0.46074165434026054,0.736024569571,0.0592941705242,-0.732056931773,0.0614037348997
AE002098,0.532081170247543,-0.496996095077,0.256492210721,-0.900004448889,0.00575088969655
AE014184,0.46528128287995096,0.690468891905,0.0859254537577,-0.660958007654,0.105993737509
AE017283,0.603762649144179,-0.626397639263,0.132289403357,-0.97874691623,0.000125039150738
AM711867,0.7296404629711529,-0.823964627941,0.022657845404,-0.9407197921,0.0015914566364
AP009247,0.32916934401046527,0.908817204776,0.00458865048006,-0.119165672567,0.799131396255
AP012051,0.35579593141263244,0.856810438863,0.013774568682,-0.298052368748,0.516182686802
AP012548,0.26650839082271244,0.961770040298,0.000537663354482,-0.0627969757753,0.893602619605
BX119912,0.5554453923203267,-0.566000817555,0.185329784526,-0.969492625087,0.00030713617159
CP000117,0.4262251321239368,0.803620394363,0.0294378697534,-0.700477329242,0.0796218443706
CP000267,0.6072278019571556,-0.635132539029,0.125360800147,-0.94508640664,0.00131751712623
CP000453,0.6793603279536887,-0.764050401806,0.0455278258577,-0.953213938728,0.000886690638656
CP000655,0.45372562383126247,0.679232975044,0.0933057216865,-0.684115154483,0.0900594635674
CP000860,0.6218064109587942,-0.743944130963,0.055202799989,-0.955588021257,0.000779457233454
CP001085,0.295509165653558,0.932341438568,0.00220462644847,-0.180165265245,0.699081685836
CP001277,0.41066721736633766,0.828995282425,0.0211340551354,-0.543479169415,0.207350636614
CP001635,0.6828569027637078,-0.799109091732,0.0310771011489,-0.95465158363,0.000820778631838
CP001721,0.46385384064529966,0.536691093484,0.214220162065,-0.538508531094,0.212370466756
CP001818,0.6448756417479209,-0.828641195783,0.0212393483716,-0.968568981127,0.000330748459267
CP001992,0.5599940605337524,-0.320962189405,0.482744485825,-0.955982701813,0.000762418926949
CP002105,0.37416505555825263,0.85048669335,0.0152915258043,-0.260410995535,0.572748663267
CP002347,0.3608778935555552,0.918932517788,0.00343909366436,-0.252065395604,0.585544286766
CP002480,0.6147012584868995,-0.766491802578,0.0444223348546,-0.966294532661,0.000393384688213
CP002630,0.6867528617389651,-0.849283249094,0.0155904965081,-0.96109339827,0.000561564390207
CP002959,0.5388488605373853,-0.507332867128,0.245143835024,-0.917355459161,0.00360566417904
CP003280,0.3697673116276986,0.899845581366,0.00577324996405,-0.390068010442,0.387006271013
CP003591,0.6012836498411379,-0.630249534757,0.129210603478,-0.967802135025,0.00035114702899
CP003940,0.3991095717349888,0.867766572485,0.0113586619219,-0.457179118374,0.302368822495
CP006939,0.523953061471631,-0.0366315377016,0.937854085596,-0.865863734084,0.0117591472037
CP007757,0.534618772874648,-0.0440058320671,0.925365693382,-0.885148969464,0.00806367573111
CP010427,0.32617991853682204,0.939405472532,0.0016799325949,-0.107636591421,0.81832712406
FP929003,0.5938622955710724,-0.635087444623,0.125396080665,-0.955143679101,0.000798906824495
HG938353,0.6239599564605036,-0.745312308597,0.0545120751192,-0.960477091966,0.000583872754062
AE003849,0.5389361477619948,-0.167565830916,0.719508231468,-0.923218670778,0.00300947769691
AE014295,0.6095322551350766,-0.677199180995,0.0946758905467,-0.953585161507,0.000869382275434
AE017285,0.6353530661438876,-0.81660251418,0.0249964194738,-0.961225053049,0.000556865592775
AM743169,0.6682518168125074,-0.744565362948,0.0548885835393,-0.952208559651,0.000934584268081
AP009384,0.6776203531867734,-0.77059249457,0.0425991194107,-0.956351967075,0.000746679316851
AP012052,0.7050663779581839,-0.814735295977,0.0256101777687,-0.950622046589,0.0010132125221
AP012551,0.5835487870551694,-0.485128521823,0.269810379501,-0.934910250332,0.00200410793396
BX470251,0.4424721620558696,0.815128444727,0.0254802524701,-0.684016697102,0.0901243315614
CP000127,0.513740468133309,0.154612342302,0.740647919856,-0.863506782617,0.012266287146
CP000269,0.552661256440307,-0.353982849723,0.435991479663,-0.932407414613,0.00219933543938
CP000454,0.6607824819646891,-0.776482495073,0.0400539218025,-0.960569999131,0.000580476787256
CP000667,0.6991731004097996,-0.790550380763,0.0343240201362,-0.954844506019,0.000812162270552
CP000875,0.5132796127139878,0.251314942477,0.586699174676,-0.929496102688,0.00243996149064
CP001087,0.49783380163404967,-0.0438304168531,0.925662626334,-0.772222233496,0.0418862038676
CP001279,0.33638882310697293,0.8971842502,0.00615535123887,-0.207915180753,0.654611671733
CP001643,0.7220763160005447,-0.807379289078,0.0281099036527,-0.938935804607,0.0017122349615
CP001727,0.6303844107054288,-0.771217653898,0.042324863672,-0.963673884822,0.000473692898607
CP001819,0.7221255171194192,-0.827178929676,0.0216773151355,-0.945199550794,0.00131082203271
CP001997,0.45844008209035303,0.436538220546,0.327455842849,-0.60854515741,0.147039250138
CP002106,0.6528708967391151,-0.815663982604,0.0253038693024,-0.961058411107,0.000562817032259
CP002349,0.3615028078391916,0.93221868734,0.00221449048476,-0.343323928599,0.450889371364
CP002505,0.5363727017365562,-0.166033220385,0.722002247048,-0.892829880097,0.00681141524815
CP002638,0.7140076109417517,-0.798294144148,0.0313785250747,-0.943997365444,0.00138299146234
CP002961,0.3672860280448031,0.936763409102,0.00186638622279,-0.369480517786,0.414673565441
CP003281,0.37599208906234716,0.914026388244,0.00397251304033,-0.420191643821,0.347929666735
CP003592,0.48762117626211976,0.592944012547,0.160571051379,-0.841309381048,0.0176553356879
CP003944,0.42963118870012057,0.674355673665,0.0966091602903,-0.686459858226,0.0885219507477
CP007003,0.603399065971288,-0.666102378274,0.102336562555,-0.97328391357,0.000220872544464
CP008713,0.28338520583969,0.989272006997,2.2764049093e-05,0.0682065287588,0.884478149871
CP010803,0.6307611824668071,-0.715481331463,0.0706496142738,-0.956348255734,0.000746836542827
FP929038,0.4418639224982119,0.694120661431,0.08359592311,-0.56146270481,0.189670857055
LN614830,0.4093863356197977,0.850711270046,0.0152360999528,-0.571338852863,0.180286178339
AE003852,0.4840383791917741,0.328942684707,0.471284679305,-0.804203522467,0.0292296065515
AE014299,0.4710114123873603,0.569272086606,0.182230893468,-0.745590333564,0.0543722933483
AE017340,0.4755115343523522,0.506200921044,0.246375016203,-0.77454627352,0.0408810507778
AM746676,0.7169134784704737,-0.838015315809,0.0185512042262,-0.960334017161,0.000589125452359
AP009389,0.5466619375977866,-0.487024851984,0.26766169851,-0.858778779951,0.0133208138409
AP012057,0.67566063872044,-0.809430223097,0.0273998001172,-0.950226912863,0.00103338170555
AP013044,0.48211756458069016,0.0394169441956,0.933135688869,-0.771412077142,0.0422397699349
BX571656,0.4899770043712959,0.0942221004736,0.84075267855,-0.714831884767,0.0710261075836
CP000140,0.46104737267993456,0.610951385186,0.14500530333,-0.66822470754,0.100847286614
CP000270,0.6347388300822911,-0.742983453161,0.0556906305927,-0.962464062415,0.000513786383809
CP000462,0.6292920976942771,-0.744307623619,0.0550188283877,-0.95919609119,0.000631899813583
CP000679,0.35702049374823314,0.862104532653,0.0125738477588,-0.292134513547,0.52494583768
CP000879,0.3425629417677404,0.895812891491,0.00635781618071,-0.30776563831,0.50190970983
CP001098,0.38972578002026864,0.923899148658,0.00294434302433,-0.318131577578,0.486832979141
CP001280,0.6383583640081129,-0.683141260197,0.0907021906266,-0.94920730278,0.00108651606817
CP001650,0.371833934726411,0.930646699632,0.00234310755907,-0.330279306626,0.469375113808
CP001734,0.5816795597958526,-0.651064970794,0.113214567604,-0.95863635968,0.000653594836671
CP001820,0.39761775928752024,0.832275784815,0.0201726027042,-0.344638115747,0.449042356935
CP001998,0.5402058242073453,-0.117426635161,0.802021922816,-0.936869983417,0.00185864093227
CP002116,0.49563088528009547,0.198024658343,0.670375329808,-0.75842916601,0.0481300989797
CP002353,0.6307990666883716,-0.77935069789,0.0388458282998,-0.977783246757,0.000139626138972
CP002511,0.3193868324571911,0.934453994336,0.00203890322669,-0.173269574299,0.710244038226
CP002663,0.5772653749233808,-0.508349771538,0.244040213605,-0.932822639279,0.00216620745413
CP002972,0.6041223525966062,-0.543503145706,0.207326561915,-0.935113298234,0.00198873612753
CP003283,0.38258462188721776,0.824449776705,0.0225082780897,-0.45398552699,0.306193379813
CP003597,0.4540037211882931,0.592226360664,0.161207805693,-0.821079143739,0.0235589919407
CP003945,0.43654474773183594,0.654905790149,0.110381887351,-0.736716383519,0.0589304290388
CP007031,0.6861564797665152,-0.79659495304,0.0320122350727,-0.958224338412,0.000669842705923
CP008802,0.6276382395699329,-0.538654638277,0.212222097608,-0.972925435089,0.000228312229665
CP010848,0.6205353081841416,-0.640969769764,0.120836861337,-0.982911074468,7.26529453899e-05
FP929041,0.3817016782973843,0.82304781292,0.022942020301,-0.401924594422,0.371421986536
AE004091,0.6725326583651025,-0.796398418732,0.0320859888206,-0.957515838991,0.000698336699626
AE015450,0.320912267959659,0.941861726729,0.00151686504364,-0.16925270636,0.716765466036
AE017354,0.3899757023447337,0.905335095891,0.00502965960593,-0.49010498952,0.264188289393
AM747720,0.6746080524807326,-0.791788017659,0.0338433590071,-0.957033937031,0.000718120585568
AP009484,0.37604156657475857,0.864821398008,0.0119819088876,-0.378145744317,0.402936156489
AP012157,0.3957114650430976,0.723256617326,0.0662255353352,-0.549581186139,0.201266754664
AP013063,0.6136395602590782,-0.688486298036,0.0872043951485,-0.944518124639,0.00135144909099
BX571963,0.6565884357592906,-0.747887726698,0.0532247244272,-0.956254074355,0.000750832973761
CP000141,0.42478541301885087,0.663405268295,0.104245616258,-0.547381277593,0.20345011742
CP000282,0.466309784507756,0.618597644575,0.138636816928,-0.721724741102,0.0670849925035
CP000471,0.5489433019951964,-0.19363920442,0.677396149515,-0.889390939411,0.00735696871333
CP000686,0.6102337476568274,-0.576069529804,0.175873294759,-0.971776626379,0.000253150009571
CP000884,0.6736117021943429,-0.759101686273,0.0478145800234,-0.947462623587,0.00118111103141
CP001099,0.5729078367821824,-0.708560146812,0.0747171819881,-0.937435268574,0.00181787533718
CP001281,0.6887876546210893,-0.808977157793,0.0275557897882,-0.956872657168,0.000724814955365
CP001654,0.5631294685348739,-0.409023306171,0.362217145335,-0.925940717502,0.00275391688279
CP001736,0.7097298516660552,-0.796327476016,0.0321126348805,-0.943156459298,0.00143483405868
CP001821,0.7285480049937755,-0.80139466777,0.0302404024251,-0.933665345732,0.00209988013737
CP002000,0.7193665741187514,-0.799982319469,0.0307559245938,-0.938079138397,0.00177208953946
CP002124,0.5493442926027962,-0.264629294342,0.566314857408,-0.898016538984,0.00603432540769
CP002355,0.4571393172426394,0.468896227521,0.288518451003,-0.705996811252,0.0762546031219
CP002512,0.43174105930065587,0.74591342706,0.0542100983426,-0.654653449086,0.11056685325
CP002667,0.4067745036720796,0.783228527614,0.0372450002125,-0.60702269208,0.14833352284
CP002987,0.4041698269946184,0.809019715408,0.027541116116,-0.53195540705,0.219075650259
CP003345,0.31859097711418366,0.954704165817,0.000818424852716,-0.167368432709,0.719829346869
CP003600,0.46712244379614076,0.59780123628,0.156294318105,-0.853776037425,0.0144911693069
CP003946,0.4494201474131781,0.732287384428,0.0612801114852,-0.741298866683,0.0565517042294
CP007034,0.5319705754632762,-0.591554336681,0.161805210389,-0.89296751068,0.00679008740092
CP008852,0.3946422510875937,0.876307346897,0.00965853828022,-0.401004980643,0.372621381234
CP011265,0.6216010104150526,-0.764051553066,0.0455273010307,-0.973996746749,0.000206512431424
FP929045,0.5873238627919859,-0.689974474654,0.0862434591582,-0.91493822869,0.00386996441811
AE004092,0.39242043680941013,0.794793305073,0.0326918907578,-0.44131586673,0.321572165649
AE015924,0.4946300756189419,0.239798845337,0.604507869889,-0.798990397558,0.0311209013254
AF222894,0.2576663138896086,0.936201531524,0.00190753454812,0.0609278763673,0.896757502487
AM889285,0.6718718080716463,-0.716285857342,0.0701847083521,-0.936357560242,0.0018960550252
AP009552,0.43009831267348486,0.794733743686,0.0327144958528,-0.691499125011,0.0852648135074
AP012159,0.6213450100106683,-0.627571029747,0.131347606933,-0.946433203825,0.00123912476757
AP013066,0.5713147475314568,-0.535365379601,0.215574212076,-0.938234779871,0.00176112491069
BX842601,0.5111643022920589,-0.128633633269,0.783426953857,-0.835678152046,0.0192021463265
CP000142,0.5611824672943827,-0.485785710735,0.269064855543,-0.929661308601,0.00242591317516
CP000284,0.5665751392743068,-0.470765950637,0.286334974576,-0.922498208112,0.00307935157313
CP000473,0.6252864167585569,-0.707691545027,0.0752362721863,-0.966325380327,0.000392491790922
CP000699,0.6905264058375387,-0.764407898165,0.0453650132099,-0.943748965062,0.00139818850379
CP000885,0.3635682780410742,0.925749639236,0.00277142346493,-0.287090105616,0.532454966956
CP001100,0.46234782902032884,0.338197251808,0.458121647311,-0.756397449257,0.049090214575
CP001322,0.5560082246510775,-0.606070558096,0.149145842198,-0.888421928331,0.00751510345766
CP001672,0.4654285856263162,0.55045375939,0.200403877285,-0.697263544549,0.0816181915159
CP001737,0.713417090621905,-0.765761433622,0.0447514858234,-0.92822453656,0.0025496876608
CP001823,0.6843461176812348,-0.801266495632,0.0302869856072,-0.955488726408,0.000783778918966
CP002005,0.4304119341200733,0.768549502645,0.0435021936447,-0.562870876788,0.188318601983
CP002130,0.3656548483453169,0.930085143892,0.00239008989741,-0.305437655993,0.505317848459
CP002360,0.441378365153483,0.621668008502,0.136120229756,-0.580629719241,0.171670245791
CP002514,0.619536636592859,-0.706150417733,0.076162002713,-0.971341200454,0.0002629652278
CP002683,0.4267406404137122,0.528111303364,0.223054844782,-0.46956100129,0.287741277425
CP002999,0.42182412540656344,0.726053549113,0.0646717185859,-0.592730326529,0.160760518659
CP003346,0.45872655346570657,0.458148687855,0.301211867114,-0.675009223418,0.0961630035603
CP003607,0.4831715769190014,0.398962045803,0.375291510637,-0.881361831496,0.00872648418456
CP003978,0.31472566450031403,0.962240616305,0.000521403569644,-0.0706069342034,0.880432508555
CP007035,0.46154707039633014,0.607528396,0.147902983748,-0.68471032211,0.0896678658744
CP008876,0.4369594039802094,0.62869957084,0.130445040117,-0.65778896552,0.108279918134
CP011280,0.28466104374516393,0.965610927283,0.000413482199431,-0.0572771089068,0.902922781916
FP929047,0.6534424373179883,-0.815932526671,0.0252156819242,-0.951498217541,0.000969324948022
AE004439,0.41136294346969804,0.710663829097,0.0734679492155,-0.587964633429,0.16501489133
AE015928,0.4396745019498862,0.838201649458,0.0184998551064,-0.61769523691,0.13938090373
AJ749949,0.3302558605146653,0.94221199403,0.00149440746577,-0.115322437121,0.805521797089
AM942444,0.649733700226855,-0.763962178924,0.0455680540883,-0.966366298428,0.000391309260446
AP010656,0.338522153290761,0.939676718664,0.00166144197297,-0.230808930154,0.6185196758
AP012200,0.33064972330395576,0.902793525062,0.00536652039644,-0.260232122398,0.573021988965
AP013105,0.6450969682054729,-0.756659148789,0.0489659614655,-0.951644572879,0.000962105780333
BX908798,0.36170784888853913,0.855850357655,0.0139990537194,-0.395842833715,0.379383330914
CP000143,0.6920597266841123,-0.791134237259,0.0340967974016,-0.954044764918,0.000848232276931
CP000285,0.645935948086823,-0.718889374181,0.0686915246226,-0.952483060796,0.00092135974094
CP000474,0.6287107979479573,-0.748475382212,0.0529333289607,-0.97447648162,0.000197170047957
CP000716,0.31273143218307103,0.932859948451,0.00216324526861,-0.179751085397,0.699750941007
CP000896,0.3229072026355249,0.88462021795,0.00815440094165,-0.18815081432,0.686208864556
CP001102,0.3617610342739194,0.934793696045,0.00201296318051,-0.301334554308,0.511344249926
CP001339,0.6627738077953969,-0.768043730741,0.0437273762331,-0.951713004942,0.000958741224481
CP001673,0.43598163074204455,0.728443507515,0.0633597537988,-0.626771568109,0.131988905668
CP001738,0.723458468027001,-0.785282795781,0.0364120844442,-0.931743989105,0.00225288007794
CP001825,0.48295352193682106,0.31085707383,0.497396386884,-0.683619645656,0.0903861762591
CP002006,0.4902615553699334,0.46317196558,0.295249040565,-0.700520898428,0.0795949606062
CP002131,0.47934553586235173,0.0573018747609,0.902880944914,-0.714113784416,0.0714436504419
CP002361,0.7066135218752787,-0.824394796648,0.0225251998749,-0.951574333547,0.000965566444177
CP002526,0.4501119735015109,0.737106769794,0.0587257079553,-0.685241348285,0.0893192307825
CP002690,0.3435857785605895,0.881473559954,0.00870649613903,-0.204800854978,0.659564618292
CP003040,0.49444381316718117,0.0530167793792,0.910122357382,-0.732538899148,0.06114534353
CP003349,0.3814938660844675,0.929741299653,0.00241912823043,-0.403079053225,0.369918542546
CP003610,0.4083233285220308,0.859097088815,0.0132482516611,-0.640413464771,0.121264329001
CP003984,0.5437501433692861,-0.197887683754,0.670594331467,-0.905577482647,0.00499819623452
CP007044,0.5239951954297858,-0.0143076518409,0.9757130619,-0.886393472348,0.00785245205248
CP008889,0.6935267654642321,-0.819784358094,0.0239698132385,-0.95922630726,0.000630740982519
CR354531,0.4293107040072068,0.745384479203,0.0544757713237,-0.588925169707,0.164152979577
FP929048,0.3283902242766275,0.927989192153,0.00257030728004,-0.0927405662709,0.843234911896
AE005174,0.5110885971639887,0.132106584925,0.777680768594,-0.849898090789,0.0154373391424
AE015929,0.330413099676286,0.93234420332,0.00220440457659,-0.223514803315,0.629956485054
AJ965256,0.47966988920720394,0.485847406177,0.268994915346,-0.701101193505,0.0792373584115
AM942759,0.40244614383824406,0.862840216577,0.0124119428502,-0.494725484662,0.259016584807
AP010803,0.6548016946711838,-0.700530319776,0.0795891479288,-0.937899150973,0.00178481928436
AP012204,0.6775278324405882,-0.763312277166,0.0458650011876,-0.954364671788,0.000833692451926
AP013357,0.40254135377336137,0.811624491006,0.026651343537,-0.490895593832,0.263300066401
BX950851,0.5230182803512671,-0.0144697448803,0.975437969663,-0.882291892211,0.00856090401201
CP000153,0.348390145096664,0.924966439259,0.00284386113666,-0.204465321915,0.660098835205
CP000316,0.6327491591199133,-0.715480347859,0.0706501836706,-0.948596185376,0.00111911993994
CP000478,0.6029716347730787,-0.775423121493,0.0405053144285,-0.959316532477,0.000627288212477
CP000724,0.3750533323999396,0.865956516028,0.0117394346729,-0.366930455475,0.418152850965
CP000908,0.6915018790782282,-0.795971954186,0.0322463547445,-0.959018318912,0.00063874319291
CP001103,0.4568106682456383,0.624937573073,0.13346607443,-0.645325999697,0.1175163381
CP001341,0.6689329909324039,-0.776541547335,0.0400288423024,-0.956277178311,0.000749851426315
CP001674,0.5575447880091123,-0.270338607296,0.557643833863,-0.902717484756,0.00537679499208
CP001739,0.3476793783354113,0.984928857076,5.31255997419e-05,-0.243537843848,0.59870823594
CP001842,0.331376821145839,0.932340095044,0.0022047342712,-0.197237778722,0.671633683756
CP002017,0.5967262122832984,-0.635059339826,0.125418071589,-0.953762706159,0.00086117549375
CP002156,0.6107047799781052,-0.570488229226,0.181085334976,-0.94893341794,0.00110105774073
CP002364,0.5976309946150381,-0.683947493557,0.0901699406023,-0.949497101645,0.00107125368931
CP002528,0.37963794216160285,0.92147697048,0.00318000970007,-0.314089880385,0.492692054476
CP002691,0.4808360789263401,0.362386232232,0.424380932906,-0.81737743192,0.0247441610483
CP003051,0.666063570674435,-0.778863523634,0.0390495836169,-0.96292151534,0.000498399001665
CP003350,0.6394798757785554,-0.617441849431,0.139590198538,-0.939580581222,0.00166798179093
CP003620,0.411016664792242,0.830808650825,0.0205994584412,-0.601170452517,0.153361570259
CP003985,0.4611935777207518,0.697921743597,0.0812071886443,-0.666703711444,0.101913439001
CP007051,0.3215857578998775,0.944131245134,0.00137484135908,-0.187508872587,0.687241498348
CP008936,0.39114947817032714,0.846499778607,0.0162946748763,-0.412055866064,0.358313973702
CR522870,0.4774580535425782,0.620955754379,0.136701939284,-0.6752339026,0.0960098727741
FP929054,0.4330277662032653,0.671236215899,0.098753631723,-0.541457779446,0.209385122864
AE005176,0.362695042922594,0.895547466922,0.00639744287898,-0.363992922165,0.422174806359
AE016822,0.6852232786945124,-0.804482352499,0.0291303154489,-0.960421731363,0.000585901896663
AL111168,0.30876430805863764,0.990087238846,1.86909017702e-05,-0.0437744853566,0.925757305452
AP006618,0.7128093803336676,-0.783742129566,0.037035776526,-0.936969429355,0.00185143078861
AP010946,0.6863658853111975,-0.745010626129,0.0546639723991,-0.935494802448,0.00196004233072
AP012205,0.48693833584866913,0.473506710809,0.283147665201,-0.86500942577,0.0119415472983
AP014521,0.2618801854253002,0.961098101231,0.000561396136753,0.00553547851668,0.990602823778
CP000009,0.6181531712949808,-0.675890742198,0.0955629361131,-0.959392372841,0.000624394613897
CP000154,0.4691894185237652,0.488643653268,0.265833640843,-0.723862126219,0.0658874614968
CP000352,0.6447155569458761,-0.750460594258,0.0519553945377,-0.959662189026,0.000614164324309
CP000481,0.6687109279375066,-0.75346177534,0.0504958828179,-0.966136519347,0.000397977358072
CP000747,0.7171859115179123,-0.792336096747,0.0336317070449,-0.939131010172,0.00169876529058
CP000909,0.5722032627110307,-0.187969318092,0.686500781906,-0.980914179401,9.56700382679e-05
CP001104,0.3804364728070513,0.913633273923,0.00401720797661,-0.248688198591,0.590747007626
CP001357,0.28249120865197275,0.975507989467,0.000177947846466,0.053974095452,0.908504138694
CP001678,0.45947175886135033,0.582124104322,0.1703037788,-0.720752237264,0.0676337127384
CP001743,0.6424616057159647,-0.795964828234,0.0322490381481,-0.969459045468,0.000307976436635
CP001848,0.5800964137038104,-0.587752642675,0.165205416707,-0.964362756595,0.000451722794333
CP002018,0.6231281271269495,-0.553249238867,0.1976514682,-0.91449605737,0.00391949680348
CP002157,0.37587052546630967,0.941782686259,0.00152196009364,-0.380511125776,0.399755300139
CP002371,0.36655626054259555,0.888056134235,0.0075753048219,-0.277418331315,0.54695160002
CP002541,0.49501392882148765,0.10376749451,0.824785720912,-0.804207348517,0.0292282428185
CP002728,0.3838381652688696,0.846165492238,0.0163804388587,-0.359074728291,0.428941908158
CP003075,0.6198739714687391,-0.665735785411,0.102594961786,-0.958038692237,0.000677240951544
CP003359,0.327832531331843,0.916262672638,0.00372379635545,-0.0944905364829,0.840303039737
CP003630,0.47278520735928325,0.593519314014,0.160061505344,-0.8454491418,0.0165650890353
CP004142,0.572064988176523,-0.432337336773,0.332666971253,-0.923699076194,0.00296340710524
CP007053,0.6466586206362372,-0.816135425799,0.0251491666431,-0.971562292219,0.000257953693434
CP008941,0.42076935675016786,0.795994399947,0.0322379032106,-0.578996075587,0.173170202197
CR555306,0.6559509201197714,-0.792893963284,0.0334170349152,-0.966295459655,0.000393357838463
FP929056,0.640010331553151,-0.790441561631,0.034366462807,-0.948354055122,0.00113219566989
AE005673,0.678038025652414,-0.751343972233,0.0515234351326,-0.939620067984,0.00166529384422
AE016825,0.6583828168236953,-0.735159362623,0.059750787745,-0.940155150432,0.00162912111378
AL591688,0.6360156874114468,-0.76254216785,0.0462182456564,-0.963658301878,0.000474197058132
AP006628,0.2915119911863246,0.889241230047,0.00738127292503,-0.185673332344,0.69019629496
AP010968,0.7456344492214344,-0.793511614137,0.0331802505269,-0.926467050435,0.00270603033034
AP012206,0.6454689808635105,-0.755056782202,0.0497294609638,-0.960593182349,0.000579631219162
AP014568,0.6666586181144106,-0.781175901099,0.0380877036933,-0.957354666801,0.000704916994065
CP000013,0.28573234762985067,0.981228286096,9.17977898988e-05,-0.0185732207794,0.968474559343
CP000155,0.5488928843931072,-0.399269890068,0.374888657749,-0.901563463261,0.00553413262234
CP000356,0.659866061844522,-0.716692682694,0.0699502461958,-0.945901193928,0.00126975218404
CP000488,0.35435865572233666,0.885649597129,0.00797831662205,-0.246187075486,0.5946091261
CP000749,0.4340575819900231,0.734016301643,0.060356957089,-0.604070933557,0.150859079
CP000910,0.5673255974465375,-0.364798170694,0.421070805025,-0.974272671555,0.000201107598795
CP001108,0.509298873617838,-0.0383372436685,0.934964491143,-0.812249728388,0.0264402070999
CP001397,0.3601066706556256,0.953214590018,0.000886660095172,-0.267635334265,0.561744097613
CP001681,0.4285353544855289,0.871851419187,0.0105257486271,-0.515886353439,0.235933006902
CP001744,0.5449586082071253,-0.129578906552,0.781862163489,-0.952278450941,0.000931206564125
CP001850,0.4489583798453074,0.722673426929,0.0665520298005,-0.685829273865,0.088934075535
CP002021,0.6457878438149762,-0.734773755318,0.0599549059712,-0.960227097781,0.00059306900315
CP002159,0.5359470326504056,-0.177957392782,0.702651069553,-0.902410227384,0.00541842823644
CP002382,0.5554630857083445,-0.264607607408,0.566347875757,-0.914216013095,0.00395105810287
CP002542,0.37032074734826975,0.880439973105,0.00889241427687,-0.500041845582,0.253123855674
CP002734,0.6675610919692553,-0.790328984159,0.0344104020713,-0.958696335917,0.000651249395968
CP003096,0.47505947662801734,0.0220455745324,0.962583364219,-0.666418492816,0.102114016861
CP003360,0.5074634881237468,-0.0985693329031,0.833475230617,-0.87151637345,0.0105926944537
CP003642,0.4344279160384122,0.768202136154,0.0436567811821,-0.735947798609,0.0593346099716
CP004345,0.527313105947607,0.0309705682303,0.94744794221,-0.887620227799,0.00764740842762
CP007128,0.7292568298758993,-0.833060418442,0.019946393773,-0.949011319694,0.00109690998898
CP009056,0.35438886885980725,0.924969854623,0.00284354287108,-0.331084186351,0.468226589712
CU207211,0.5535494054076968,-0.34134921113,0.453670053125,-0.924225869337,0.00291336606382
FP929061,0.37749580697040375,0.733430497898,0.060668896485,-0.415283030272,0.354179645278
AE005674,0.5213452028340662,-0.0295539881189,0.949849499875,-0.869071238536,0.0110886700963
AE016827,0.4351266899103973,0.651570579027,0.112839548249,-0.659758567199,0.10685604423
AL645882,0.7257227065084658,-0.806089225821,0.0285617947897,-0.941656357389,0.00153012433667
AP006725,0.5886991020875549,-0.559679421383,0.191390060986,-0.931497390244,0.00227297609117
AP011112,0.4421403158560454,0.175117451695,0.707248679968,-0.481339367607,0.27412702
AP012211,0.5693995848796439,-0.539912559756,0.210946743489,-0.913843351043,0.00399328702673
AP014583,0.3269853942200925,0.958456088527,0.000660674656347,-0.148139558975,0.75126087638
CP000030,0.4986456138500026,0.259442132381,0.574229616409,-0.742826068329,0.0557707731632
CP000157,0.6354743826527123,-0.702229982176,0.0785442074272,-0.957658040119,0.000692561286787
CP000360,0.5898851927213626,-0.709340177392,0.0742526606979,-0.961055005379,0.000562939055646
CP000489,0.6720359141791045,-0.725361054269,0.0650545763696,-0.930802597482,0.0023301614979
CP000750,0.7463386489934608,-0.790132759859,0.0344870636169,-0.923976592721,0.00293698305035
CP000922,0.4211542356044093,0.32066704008,0.483170217479,-0.637574357376,0.123457983604
CP001110,0.4901058728686794,0.360358128821,0.42717203543,-0.759389630435,0.0476798364502
CP001472,0.6120668343052386,-0.666594782232,0.101990018354,-0.958686055464,0.000651651070216
CP001682,0.5142792486021772,0.315763261453,0.490263200007,-0.820815349479,0.023642366156
CP001751,0.49711731582562213,0.433743622978,0.330918581567,-0.775487324499,0.0404778782741
CP001854,0.7305483556414565,-0.794709162207,0.0327238277037,-0.933874508342,0.00208360505974
CP002026,0.6855199842021552,-0.779933888442,0.0386026914394,-0.951216511946,0.000983310370024
CP002162,0.732749911403645,-0.801642572386,0.0301504171881,-0.937048136138,0.00184573598938
CP002390,0.3651421736115088,0.779432143506,0.0388118221547,-0.387364375955,0.390596160135
CP002543,0.34810932109723014,0.712762107369,0.0722331509156,-0.219014894622,0.637041665482
CP002738,0.5211767380641149,-0.206163391558,0.657396446966,-0.904290673653,0.00516654964311
CP003108,0.43800199371213866,0.733026022492,0.0608847873925,-0.62628546768,0.132379614784
CP003364,0.633936662875168,-0.799450811136,0.0309511933154,-0.973815100079,0.000210117217334
CP003646,0.4449375377997445,0.674477194217,0.0965261202566,-0.805476217465,0.0287779398601
CP004349,0.3108666490525882,0.939763853549,0.00165552763176,-0.101511069179,0.828555972378
CP007139,0.6144573326798454,-0.809517560906,0.0273697869812,-0.969065863322,0.000317916836117
CP009129,0.3987684646675305,0.667355277353,0.101456002544,-0.568634425108,0.182832954605
CU207366,0.37349062867065014,0.935554324706,0.00195558763825,-0.310750762266,0.497551357783
FQ311875,0.6038741687394467,-0.658907030593,0.107470439539,-0.968344298933,0.000336650046632
AE006468,0.5345178235557759,-0.14894710412,0.749935068688,-0.868125710314,0.0112839683487
AE016828,0.4338233349651671,0.673753674093,0.0970210838438,-0.692739689603,0.0844728809379
AL646052,0.6774272642876211,-0.769963394822,0.0428760906144,-0.949646607314,0.00106342975884
AP006840,0.6941962749535945,-0.802820573788,0.0297248715315,-0.950897468339,0.000999292708943
AP011121,0.5388700835281605,-0.0733990581209,0.875729270288,-0.863704890788,0.0122231872689
AP012224,0.6539162819670228,-0.769616942118,0.0430290447718,-0.953461712561,0.000875115715362
AP014624,0.36806642941874257,0.91081220638,0.00434655464403,-0.333609517659,0.464629765781
CP000031,0.6488704425682323,-0.692832077576,0.0844140603866,-0.928875826507,0.00249313250301
CP000158,0.6244949954939555,-0.678867603367,0.0935510992053,-0.954608811332,0.000822696234817
CP000362,0.5959458998914298,-0.579770483391,0.172458366676,-0.932568767373,0.00218642707736
CP000509,0.7199183002646028,-0.809183530558,0.0274846743335,-0.941901143911,0.00151432792474
CP000758,0.5718653843833336,-0.474194077521,0.282350806526,-0.946742796032,0.00122150465901
CP000923,0.34738002110883465,0.887504628314,0.00766659617263,-0.220440434974,0.634794723362
CP001130,0.35033857054899187,0.576729957762,0.175261496633,-0.227043528632,0.624416144497
CP001560,0.577411456063147,-0.42801139965,0.338069841662,-0.931183951453,0.00229867055057
CP001683,0.6787215180505008,-0.793076735646,0.0333468690125,-0.949875640137,0.00105150968884
CP001769,0.514178416818371,0.0807780756351,0.863313844919,-0.893336566925,0.00673308815365
CP001859,0.5727718240130935,-0.574137287821,0.17766926317,-0.895696825603,0.00637512671471
CP002028,0.467442125542953,0.436228734542,0.327838553932,-0.678106043619,0.0940636393621
CP002171,0.3465011453110498,0.937774410213,0.00179367315811,-0.226551673959,0.625187553689
CP002395,0.6014569432022895,-0.621855912965,0.135966974838,-0.943340780793,0.0014233741238
CP002544,0.4443365869751039,0.741955251178,0.056215339485,-0.673443168289,0.09723390943
CP002745,0.6102461132966255,-0.661457570779,0.105635661448,-0.939816497004,0.00165196044022
CP003147,0.5346890366036039,-0.200975202311,0.665662379334,-0.894707547565,0.00652378177247
CP003380,0.48260942850984034,0.526152050872,0.225095944145,-0.846168007465,0.0163797925981
CP003653,0.37114859580208936,0.876178739919,0.00968296704295,-0.407924133412,0.363636199385
CP004372,0.6611203560568516,-0.702851561176,0.0781639018983,-0.932476430945,0.00219380860641
CP007142,0.4955167109115881,0.435466546508,0.328781893614,-0.851686005709,0.0149968642957
CP009217,0.31657723607040483,0.984766808619,5.4560422288e-05,-0.0747310912667,0.873486522787
CU466930,0.3828144035397921,0.924778281112,0.00286142720103,-0.369468020958,0.414690588347
FQ312005,0.3709031401845422,0.92487037178,0.00285282187892,-0.300866021638,0.512033976841
AE006470,0.5775454801488229,-0.74592520855,0.0542041889507,-0.940651506299,0.00159598406637
AE016830,0.38181540490517335,0.774904779814,0.0407271962021,-0.511850735439,0.24025835404
AL954747,0.5166187334207423,0.11974662608,0.79816617399,-0.895332222288,0.00642968291841
AP007255,0.6624353184422425,-0.711514275249,0.0729661261781,-0.936425558588,0.00189106492674
AP011529,0.31135297184567257,0.930757332232,0.00233391607205,-0.068584282227,0.883841350306
AP012273,0.5702877832091785,-0.429535636261,0.336161928026,-0.927647612616,0.00260040820588
AP014633,0.4207730187654956,0.815827163845,0.0252502614413,-0.685632736221,0.0890627313198
CP000061,0.2862611376005394,0.891510834304,0.00701779052691,-0.171309763457,0.71342407962
CP000159,0.6709663494698643,-0.800754838447,0.0304733431972,-0.950852394992,0.00100156292696
CP000383,0.396988138873262,0.886786316147,0.00778644919294,-0.497507084428,0.255925672877
CP000510,0.4142706652379176,0.869664369147,0.0109671587486,-0.553606324205,0.197301204588
CP000771,0.35292064164593756,0.82291035732,0.0229847983225,-0.353183637808,0.43710195044
CP000930,0.5813460897980416,-0.705749532907,0.0764037990631,-0.934542931113,0.00203209302323
CP001132,0.5963099841222087,-0.583996593585,0.168599172629,-0.954018225725,0.000849445175468
CP001607,0.4323958918479235,0.611635946018,0.14442925972,-0.670769330551,0.0990767140542
CP001684,0.6111759988553136,-0.756494616399,0.0490440601535,-0.938487322566,0.00174341898253
CP001778,0.6878046177266195,-0.782166321545,0.0376797821478,-0.941600080419,0.00153376963522
CP001867,0.7425843115645577,-0.787982829997,0.0353332292011,-0.924944893127,0.00284586942534
CP002039,0.6437570093073313,-0.718392493676,0.0689751662133,-0.94649956885,0.00123533512422
CP002175,0.30692912944204764,0.938012057373,0.00177682762386,-0.0283653303764,0.95186488957
CP002400,0.5685117579966613,-0.608405461459,0.147157770509,-0.90475220666,0.00510579360697
CP002545,0.37193939416007893,0.965517982951,0.000416260717519,-0.352807679366,0.437624700494
CP002776,0.4760351537268639,0.582231887973,0.170205429399,-0.802727873479,0.0297582362572
CP003153,0.661364121252239,-0.763226261676,0.0459043820696,-0.953820351088,0.000858520828807
CP003389,0.7025445458142926,-0.824500758627,0.0224925932709,-0.955226793787,0.000795247169122
CP003732,0.5494251863996564,-0.476714635379,0.27943734823,-0.888776373716,0.00745703494444
CP004388,0.5562731889212039,-0.260619032187,0.572430826025,-0.895189907666,0.0064510509338
CP007155,0.7120551806746056,-0.79390649076,0.0330293611895,-0.939778867052,0.00165450983447
CP009302,0.6427268146887183,-0.807950739072,0.0279110234765,-0.962183381227,0.000523365397655
CU469464,0.22659226083763057,0.946152349247,0.0012552383454,0.101087176063,0.829264547495
FR872580,0.3981030144049393,0.763327063519,0.0458582333528,-0.53460948152,0.216348079108
