acc,gc,gc3,trans_table,cds_count,codon_count,1_density,2_density,both_density
AE000511,0.39662726626981054,0.4191618724517428,11,1553,490858.0,8.075044106442189,9.798760537670772,17.873804644112962
AE007869,0.6034284547433684,0.7311585970083159,11,2765,829256.0,3.134255284254802,2.2498480565711914,5.384103340825994
AE017143,0.38845757471659226,0.29391890480110655,11,1717,480315.0,7.737422316604728,10.146882774845674,17.8843050914504
AM236080,0.6210835555518882,0.7736507415282007,11,4700,1454274.0,3.093777376202834,1.5087253158620728,4.602502692064907
AP008957,0.6288871813681345,0.7473278722621476,11,6034,1982081.0,2.798523370134722,1.3274432275976613,4.125966597732384
AP012035,0.6833400460913468,0.8560904510936724,11,3449,1139621.0,2.793735812169133,0.8573025593596467,3.65103837152878
AP012337,0.6009152996065423,0.706536052781406,11,4119,1497069.0,3.4824046186247926,2.439700508126212,5.9221051267510045
BA000039,0.5465170900150912,0.5816957384305783,11,2474,774185.0,4.18026699044802,4.743698211667754,8.923965202115774
CP000115,0.6313379363704408,0.7755222363083699,11,3122,951256.0,3.0510188634815445,1.7833264652207186,4.834345328702263
CP000264,0.6280918241592904,0.7630262138802939,11,4212,1301807.0,3.5267132531934458,2.5655876792796475,6.092300932473093
CP000453,0.6793603279536887,0.866247048766588,11,2865,985505.0,2.526826347912999,1.600194823973496,4.127021171886495
CP000667,0.6991731004097996,0.8620988770834117,11,4536,1520499.0,2.223283277397749,1.270964334734847,3.4942476121325963
CP000879,0.3425629417677404,0.2842026371876244,11,1898,642353.0,10.292160229655657,8.61582338682936,18.90798361648502
CP001099,0.5729078367821824,0.7168703734017206,11,2043,661815.0,3.4048790069732475,2.74200494095782,6.146883947931068
CP001322,0.5560082246510775,0.690717299127863,11,5239,1879715.0,3.92495670886278,2.9753446666116936,6.9003013754744735
CP001673,0.43598163074204455,0.46096864312140023,11,2534,832623.0,5.807790560673919,6.686339435735021,12.494129996408939
CP001739,0.3476793783354113,0.27341819198343065,11,4083,1263275.0,10.65872434743029,9.356395084205735,20.015119431636027
CP001848,0.5800964137038104,0.6538050270559269,11,4717,1766623.0,3.296911678382994,2.413814379185599,5.710726057568593
CP002021,0.6457878438149762,0.7999513502779985,11,3106,1010306.0,2.548633780260634,1.2015171641067162,3.75015094436735
CP002162,0.732749911403645,0.9384924020082392,11,6221,2092825.0,2.06562899430196,0.47887424892191177,2.544503243223872
CP002395,0.6014569432022895,0.7144570346508217,11,2330,756973.0,3.8652633581382694,3.5213937617325852,7.386657119870855
CP002545,0.37193939416007893,0.31756324018160537,11,3792,1373135.0,8.162198181533498,8.897449995812503,17.059648177346002
CP002786,0.6262662941753714,0.7188198505063954,11,4557,1437528.0,2.9535424701292774,2.830414433666683,5.783956903795961
CP003156,0.4076936812836407,0.3673946520145311,11,3485,1215231.0,7.316962783207472,9.095801538966667,16.412764322174137
CP003488,0.4278039587643238,0.3717241172581588,11,4099,1205073.0,6.397869672625642,9.487060120009328,15.884929792634969
CP003789,0.3668844062178236,0.2449475730934857,11,1378,420533.0,6.949038482116742,9.89910423201033,16.84814271412707
CP005990,0.6433229810222408,0.7705857434949818,11,1862,601476.0,2.7229681649808137,2.9753473122784615,5.698315477259275
CP007446,0.43515517541224646,0.3753514972702181,11,2299,695761.0,5.896708783619663,9.023069703533254,14.919778487152918
CP009761,0.28960229150273914,0.16897039968783098,11,1419,449894.0,9.848319826448007,12.73411070163194,22.582430528079946
FP476056,0.4365059363295206,0.4666223368245591,11,4733,1666518.0,6.565965684139025,6.696537331129936,13.262503015268962
HG793133,0.28343267473662265,0.1622889161569286,11,981,326148.0,10.895666997804677,13.67385358794167,24.569520585746346
AE000512,0.4646011006727097,0.5254215662609055,11,1846,581826.0,7.33758890114914,3.231378453352033,10.568967354501174
AE008691,0.3787847063886088,0.33525022973114044,11,2588,778495.0,11.020494672412797,7.594525334138306,18.615020006551102
AE017180,0.6168454707792773,0.7768075741058033,11,3423,1149116.0,3.105343585852081,2.0816001169594713,5.186943702811552
AM260525,0.40824537590823917,0.30676779862324566,11,2136,645388.0,5.336014924355582,9.019070698556527,14.35508562291211
AP008971,0.326295328598776,0.2604198216699786,11,1631,543099.0,9.185618091729133,10.024875759299869,19.210493851029
AP012044,0.5480359356870546,0.659336745409549,11,4656,1256875.0,4.338299353555445,3.4861064147190453,7.82440576827449
AP012338,0.7331149115745128,0.9482978045031665,11,3203,1122904.0,1.9367639620127812,0.2236166226142217,2.1603805846270028
BA000043,0.5306091002789196,0.6186783955595854,11,3498,1001603.0,4.139264758591977,3.930399569490107,8.069664328082084
CP000116,0.6651157523052295,0.8542807938882,11,2827,894741.0,2.6057820084247845,0.732167185811313,3.337949194236097
CP000267,0.6072278019571556,0.7375119929631778,11,4170,1407076.0,3.4193604325565925,2.806884631675901,6.226245064232494
CP000454,0.6607824819646891,0.8191746450500568,11,4146,1399061.0,2.59952925569364,1.650392656217277,4.249921911910917
CP000679,0.35702049374823314,0.30400837765721417,11,2682,847787.0,8.827453122069576,9.147580701284639,17.975033823354217
CP000884,0.6736117021943429,0.8609298904271139,11,6040,2020772.0,2.5268065867896032,0.9344448557284047,3.461251442518008
CP001100,0.46234782902032884,0.48731147464726493,11,2710,948604.0,4.728527393938883,5.713448393639496,10.441975787578379
CP001339,0.6627738077953969,0.8560757603118369,11,3283,1005602.0,2.932372847309373,1.358986955077655,4.291359802387028
CP001674,0.5575447880091123,0.6473799018118963,11,2818,908223.0,4.163735117917076,4.289144846585035,8.452879964502111
CP001743,0.6424616057159647,0.8050333999823133,11,3014,930260.0,3.0852664846387032,1.7025347752241309,4.787801259862834
CP001850,0.4489583798453074,0.4424503992133286,11,1567,537496.0,6.117812969770937,7.8582910384449365,13.976104008215874
CP002026,0.6855199842021552,0.893568089926304,11,4427,1399347.0,2.6795355262132983,0.7496353656384014,3.4291708918516997
CP002171,0.3465011453110498,0.2766663792360093,11,2601,791197.0,10.603933028057487,10.173951620140116,20.777884648197603
CP002400,0.5685117579966613,0.6959248725338587,11,2701,847239.0,3.2782957347336463,2.7571913002116286,6.035487034945275
CP002546,0.569385340437131,0.6528798472909643,11,4750,1708382.0,3.3426950178590036,2.7011523183924906,6.043847336251495
CP002810,0.7417088058386201,0.9685549402861595,11,2881,987996.0,1.309418256754076,0.20202510941339843,1.5114433661674744
CP003171,0.6246381500061965,0.7846176647515758,11,3208,1035535.0,3.766555452012728,2.301129367911273,6.0676848199240005
CP003493,0.692551583365033,0.9023270908465141,11,3336,1072568.0,2.1477426139881106,0.7693684689455587,2.9171110829336695
CP003837,0.41359856240451104,0.3573864055037145,11,5618,1498428.0,7.3161339750725425,9.623819095745674,16.939953070818216
CP006587,0.637161035270863,0.8261324936583938,11,4121,1343687.0,3.619965066269154,1.5805764288855961,5.2005414951547495
CP007451,0.4240430929959775,0.42122365256754846,11,3971,1417771.0,6.008657251417895,6.700165259410723,12.708822510828618
CP010048,0.31314421066266956,0.19210949917490913,11,589,198143.0,8.77295690486164,11.04757675012491,19.820533654986548
FP565575,0.5915579170786656,0.6973001925577461,11,3072,828279.0,3.811638348913832,3.0734812786512755,6.885119627565108
HG934468,0.46074165434026054,0.5004169672688806,11,3015,927548.0,5.766601836239203,6.344900749071746,12.11150258531095
AE000513,0.6772065153517473,0.8500543696742433,11,2543,761238.0,3.197685874851229,1.2000189165543498,4.397704791405579
AE008692,0.4783040375928473,0.45033855618702695,11,1736,588197.0,4.556636637045072,7.076030649595289,11.63266728664036
AE017196,0.3553269386385616,0.2765363875395517,11,1195,337780.0,9.25898513825567,10.951506897980934,20.210492036236605
AM286690,0.5534840821467757,0.6178297857319355,11,2755,909283.0,4.5966987175609795,5.036275834916083,9.632974552477062
AP009152,0.7127274790965155,0.9339657843974323,11,2355,792930.0,2.1962846657334194,0.5415358228342981,2.7378204885677175
AP012046,0.3672560324752774,0.27339179687927134,11,2555,734179.0,7.8213896066218185,9.687555759562722,17.50894536618454
AP012342,0.5074988969252041,0.5389520224105314,11,2421,745643.0,3.871289611784728,3.7843847524887915,7.65567436427352
BA000045,0.6298453406067768,0.7702691441172144,11,4430,1384397.0,2.5861801202978625,1.409494530831835,3.9956746511296974
CP000117,0.4262251321239368,0.3534505888133022,11,5039,1726977.0,7.299981412607116,7.905895677823156,15.205877090430272
CP000269,0.552661256440307,0.6250718789738804,11,3697,1221021.0,4.2853480816464256,3.8871567319480995,8.172504813594525
CP000462,0.6292920976942771,0.8159314279566859,11,4121,1379842.0,3.422420827891889,1.7624481643550494,5.184868992246939
CP000686,0.6102337476568274,0.6936169250938022,11,4517,1641471.0,3.221927161673889,2.6519505979697477,5.873877759643637
CP000885,0.3635682780410742,0.2859273467351359,11,3902,1318750.0,8.267298578199052,9.918028436018957,18.185327014218007
CP001102,0.3617610342739194,0.26859971039460284,11,1335,485442.0,9.184619377804145,10.515777374022026,19.700396751826172
CP001341,0.6689329909324039,0.8349624409789558,11,3884,1304903.0,2.4215593036417267,1.5273932238641492,3.948952527505876
CP001678,0.45947175886135033,0.3902552979779665,11,3119,1026198.0,5.263116864386794,7.909584700028649,13.172701564415444
CP001744,0.5449586082071253,0.577398865679864,11,4198,1521759.0,3.420121057276481,3.8052017435086634,7.225322800785144
CP001854,0.7305483556414565,0.9425255134897605,11,5914,1985749.0,2.3016504099964292,0.3121743986777785,2.6138248086742077
CP002028,0.467442125542953,0.48954682806465455,11,2943,897791.0,6.5840490715545155,6.449273828764155,13.03332290031867
CP002175,0.30692912944204764,0.15401435755918533,11,2068,677531.0,10.385650250689636,13.887039855002945,24.272690105692583
CP002403,0.4541809768230922,0.4757016497512265,11,3180,1036851.0,6.4565689766417735,7.745953854507542,14.202522831149317
CP002547,0.4743938686420233,0.5179942681761824,11,3251,987231.0,5.550372709122789,5.915434179032061,11.46580688815485
CP002825,0.3142252133424444,0.1826390998789678,11,2967,1006832.0,10.209449044130501,11.135323470052601,21.344772514183102
CP003178,0.45906183709070575,0.4961670936879324,11,7174,2632336.0,6.267057093015481,6.42380000121565,12.69085709423113
CP003495,0.6948170145125205,0.8793126275331018,11,3280,992729.0,2.434098328949794,1.1138991607981634,3.5479974897479574
CP003869,0.4589259339354815,0.48223884611078344,11,2975,869332.0,5.575545361265892,6.527195593858273,12.102740955124164
CP006745,0.4126795295100983,0.3121680649458725,11,770,280757.0,7.911467924219164,9.800646110337409,17.712114034556574
CP007452,0.44981215249239126,0.4824710145151758,11,2129,648487.0,8.482513913154774,6.059489241881487,14.542003155036262
CP010311,0.581190651349669,0.691793614694899,11,2809,883550.0,3.0678512817610777,3.4150868654858244,6.482938147246902
FP565809,0.33872525410011073,0.23673543597132335,11,2565,805588.0,11.08457424887163,11.152971494113617,22.237545742985247
HG938353,0.6239599564605036,0.7840354181651593,11,4481,1375303.0,3.1907877754938365,1.2818266229332735,4.47261439842711
AE000516,0.6581958559860726,0.7929026049932626,11,4101,1281302.0,2.8769173855968386,1.6881266087151976,4.5650439943120364
AE008917,0.5838707591177207,0.6739487464495078,11,2056,603029.0,3.093051909609654,2.9502727066194163,6.04332461622907
AE017198,0.3503963637347474,0.24117851599935544,11,1821,591376.0,8.117339898812261,12.892474500148806,21.009814398961066
AM398681,0.33321696917251153,0.24412027242285708,11,2446,813538.0,9.349040856112438,8.253701732432905,17.602742588545343
AP009153,0.645914710160593,0.7710329935402597,11,3935,1420091.0,2.452518887874087,1.5100440746402872,3.962562962514374
AP012047,0.2727812492107672,0.11528175507377098,11,2158,699519.0,10.859319046373294,12.440977300116222,23.300296346489517
AP012547,0.6386345752506073,0.8084615892784064,11,3587,1169160.0,3.0911081460193643,1.0581956276300934,4.149303773649458
BX119912,0.5554453923203267,0.6167404482913237,11,7325,2306678.0,3.3476714131751377,2.9874997723999623,6.3351711855751
CP000127,0.513740468133309,0.5236941548247879,11,2974,980789.0,5.056133378331118,5.886485268493019,10.942618646824139
CP000270,0.6347388300822911,0.7866642380886134,11,4430,1398936.0,3.3271000245901172,1.2946267734907102,4.621726798080827
CP000471,0.5489433019951964,0.6127553923343506,11,3716,1357026.0,3.928517213376899,5.486040798039242,9.41455801141614
CP000699,0.6905264058375387,0.8969970039573137,11,4850,1644346.0,2.5854655893589307,0.6403761738709493,3.2258417632298797
CP000896,0.3229072026355249,0.20930449665473783,11,1380,451270.0,9.03140027034813,12.99953464666386,22.03093491701199
CP001103,0.4568106682456383,0.4329234606222018,11,3930,1256514.0,6.589421208199829,8.461982914635252,15.05140412283508
CP001357,0.28249120865197275,0.15724357874926412,11,2613,865529.0,11.39430336822914,13.759446535009225,25.153749903238367
CP001681,0.4285353544855289,0.42546860753922094,11,4252,1594602.0,6.853183427588827,7.694271046944629,14.547454474533456
CP001751,0.49711731582562213,0.47938581761585436,11,2546,833309.0,4.570213450232747,7.640503102690599,12.210716552923346
CP001859,0.5727718240130935,0.7152837333754928,11,2026,672497.0,4.437045815817766,2.247147570918532,6.684193386736298
CP002039,0.6437570093073313,0.8274398115327821,11,4735,1619870.0,2.9554840820559676,1.4510423675973998,4.406526449653367
CP002209,0.6125071461502997,0.7606883408853812,11,3782,1265250.0,3.8831061055127445,3.686386089705592,7.569492195218337
CP002432,0.5689745883197693,0.684823922219189,11,2571,859749.0,3.373775369322907,3.727715879867264,7.101491249190171
CP002548,0.28562652897750646,0.20245298713160342,11,1100,246352.0,8.532100409170617,11.114989933103852,19.64709034227447
CP002829,0.30724833339601865,0.170903696760767,11,1593,505169.0,10.544985935399836,10.670686443546614,21.21567237894645
CP003198,0.4863360703551902,0.5382772437497216,11,2012,653143.0,7.488865378638368,5.052492333225649,12.541357711864016
CP003532,0.457639948559967,0.48485235012394406,11,2572,833592.0,7.195726446511003,5.518647011967485,12.714373458478489
CP003879,0.3538457353987457,0.2853129369559992,11,3526,1164255.0,8.301961340084432,10.26390266737098,18.565864007455414
CP006772,0.42177885282775956,0.4231257753702374,11,2310,814019.0,6.5941949757929486,7.397984567927776,13.992179543720724
CP007490,0.518740475445059,0.5203081466435935,11,1364,450371.0,5.022969951440035,5.584506995343839,10.607476946783873
CP010327,0.34975680237524465,0.26840705125763564,11,3650,1185113.0,10.288301621870659,11.348706832175498,21.637008454046157
FP929003,0.5938622955710724,0.7056680228220765,11,4268,1287061.0,3.456246440533899,2.418067208935707,5.874313649469606
LN614830,0.4093863356197977,0.3511778996110015,11,2998,988863.0,6.596970460013167,8.896682351346952,15.493652811360118
AE000520,0.5263336130424359,0.5393776169335325,11,991,333680.0,4.083852793095181,4.780628146727404,8.864480939822585
AE008922,0.656978944267029,0.8184479670390459,11,4180,1432294.0,2.6109862919205136,1.1068258332437335,3.717812125164247
AE017221,0.6974243839316477,0.9216425127216705,11,1982,601746.0,2.107866109621003,0.9402638322481579,3.0481299418691608
AM406670,0.6833803000603231,0.8793984147517747,11,3989,1328955.0,2.5760089694534427,0.6411804763893435,3.2171894458427865
AP009178,0.3987444009332109,0.3746996927724637,11,1843,587077.0,5.909957296913352,6.867071951379462,12.777029248292815
AP012050,0.3632235865356631,0.2604801250836871,11,2411,723848.0,8.030277074744975,11.3337330489274,19.364010123672372
AP012548,0.26650839082271244,0.1460015907978463,11,575,196703.0,10.053735835243996,9.530612141146804,19.584347976390802
BX470251,0.4424721620558696,0.4054852718168532,11,4683,1533249.0,5.9090206483095695,8.859943818649155,14.768964466958725
CP000140,0.46104737267993456,0.5199526383955388,11,3850,1443835.0,6.565916465524108,6.15361173541298,12.719528200937088
CP000282,0.466309784507756,0.44841041347204935,11,4007,1457624.0,6.970384680823038,7.043723209826402,14.014107890649441
CP000473,0.6252864167585569,0.7754134680132427,11,7826,2997235.0,3.32239547449566,1.4564423543699443,4.778837828865604
CP000716,0.31273143218307103,0.22039923151809637,11,1879,582244.0,10.380871249854014,9.91079341307081,20.291664662924823
CP000908,0.6915018790782282,0.880678508405831,11,4829,1527522.0,2.6139721719228923,0.7620184848401529,3.375990656763045
CP001104,0.3804364728070513,0.30962702367954087,11,2004,649525.0,6.265347754128016,11.82294753858589,18.088295292713905
CP001397,0.3601066706556256,0.2700716049866876,11,3618,1176581.0,8.921272738553487,10.737382296671457,19.658655035224946
CP001682,0.5142792486021772,0.4951697027311734,11,1355,468407.0,3.4929025398851854,6.375651943715615,9.8685544836008
CP001769,0.514178416818371,0.576869717782485,11,6524,2343374.0,4.874766042466973,4.884196888759541,9.758962931226513
CP001867,0.7425843115645577,0.9522194317204113,11,4811,1497175.0,1.6478367592298828,0.35994456225892096,2.0077813214888036
CP002040,0.7311996024451434,0.9466738871439402,11,4798,1620573.0,1.6716926667296073,0.386098003607366,2.0577906703369733
CP002271,0.6786791120499109,0.8701325738837473,11,8352,3111301.0,2.3249759505750167,0.9326645027273157,3.2576404533023324
CP002444,0.5235249453193764,0.639393778613225,11,1710,529438.0,7.140779468039694,4.687234388162542,11.828013856202237
CP002563,0.35998655170719857,0.25742434580434426,11,2420,739623.0,8.704434556524067,9.473339796085302,18.17777435260937
CP002831,0.46571824310298143,0.48129163531405966,11,4195,1234821.0,5.394628047304022,6.99218753163414,12.386815578938162
CP003230,0.4257855426363625,0.37044569856551146,11,2248,716161.0,6.896075044577966,9.84122285352037,16.737297898098333
CP003549,0.3883231329353919,0.2906372505138402,11,6609,2263147.0,7.7624652751235335,8.847989105435925,16.61045438055946
CP003881,0.4536134178216294,0.4162573549150058,11,411,138244.0,6.9970486965076235,8.28969069182026,15.286739388327883
CP006773,0.6308726121645015,0.7718381229443807,11,4027,1162437.0,3.702394194266012,2.2856292427030453,5.9880234369690575
CP007496,0.4504515062448337,0.43993114832738406,11,692,213323.0,6.129203133276768,9.459364437964963,15.58856757124173
CP010427,0.32617991853682204,0.2138155521510145,11,1422,472688.0,9.954980875334257,13.248485258775343,23.2034661341096
FP929038,0.4418639224982119,0.4403045725332386,11,2985,890130.0,5.603563524429016,7.064249042274724,12.667812566703741
AE000657,0.4374537466830877,0.4802906812007267,11,1521,481497.0,9.657796414100192,5.049044957704824,14.706841371805016
AE009951,0.27451808754024676,0.1226116981990545,11,2067,643841.0,11.439625621853843,12.73124886423822,24.17087448609206
AE017262,0.3858917127693095,0.30149373009437175,11,2821,853711.0,7.4806345472882505,8.524430398577504,16.005064945865755
AM420293,0.7176775405666175,0.9260063117367836,11,7197,2317813.0,1.890359576031371,0.45844940899028525,2.3488089850216562
AP009179,0.44808740322169555,0.48460705152413647,11,2438,767691.0,5.451802873812511,6.371834501120894,11.823637374933405
AP012051,0.35579593141263244,0.27256713086353945,11,1582,481838.0,7.419921218334793,9.456705365703826,16.87662658403862
AP012551,0.5835487870551694,0.6940952661509071,11,5096,1132107.0,4.392694330129572,4.4600024555982785,8.85269678572785
BX571656,0.4899770043712959,0.5514875606199807,11,2043,658386.0,4.691776556609648,6.496948598542496,11.188725155152145
CP000141,0.42478541301885087,0.404277055670392,11,2607,716182.0,8.138573714502739,7.104339399761513,15.242913114264251
CP000284,0.5665751392743068,0.6730540338154731,11,2753,890808.0,3.77017269714686,3.383557399574319,7.153730096721179
CP000474,0.6287107979479573,0.7542904414417698,11,4041,1348250.0,2.8577786018913405,2.3040979046912664,5.161876506582607
CP000724,0.3750533323999396,0.31351658703293744,11,4613,1357055.0,9.101178655249788,9.717734358592688,18.818913013842476
CP000909,0.5722032627110307,0.6068130816530123,11,3852,1406213.0,3.9117118103729664,4.576049289830204,8.487761100203171
CP001108,0.509298873617838,0.5514212261258105,11,2263,732759.0,3.7942898006029266,5.085573838055895,8.879863638658822
CP001472,0.6120668343052386,0.7425864780737043,11,3382,1187873.0,3.048137300873073,2.4850299653245758,5.533167266197649
CP001683,0.6787215180505008,0.8538920193892875,11,3827,1243068.0,2.1512901949048646,1.105490608719716,3.2567808036245807
CP001778,0.6878046177266195,0.8888702365334307,11,6378,2067482.0,2.225363993495469,0.7558953354853876,2.981259328980857
CP001874,0.7260230575336428,0.9540019169825659,11,3546,1161616.0,2.0350098483491963,0.5052444181209624,2.540254266470159
CP002045,0.5378218284884533,0.5532249735227441,11,1731,572976.0,3.854437184105443,5.034591326687331,8.889028510792773
CP002281,0.3546489342199557,0.2791558489854586,11,1886,580029.0,11.029103717227931,9.138508591811789,20.16761230903972
CP002446,0.7058823722927658,0.9192652340393517,11,3070,1013242.0,2.130685463097661,0.37118477125898847,2.501870234356649
CP002568,0.6782657779361551,0.8743626933895922,11,4324,1369444.0,2.7416236078291627,0.6155782930882898,3.3572019009174525
CP002858,0.38827833752043317,0.36650681123158185,11,2261,721661.0,7.206430720241221,9.179517806837282,16.385948527078504
CP003236,0.6864618026106204,0.8516721135723055,11,3564,1160184.0,3.1580335532984423,0.9694151962102563,4.127448749508699
CP003555,0.5575404358277511,0.6233874633445831,11,3873,998269.0,3.8078914601174634,3.6820736695219427,7.4899651296394065
CP003903,0.32035736021804134,0.19716038876696376,11,609,201552.0,9.587600222275146,10.35117488290863,19.938775105183776
CP006900,0.6540312362078048,0.8235057366056069,11,4800,1545258.0,2.748149499954053,0.7908711684391863,3.5390206683932393
CP007757,0.534618772874648,0.5491749563608067,11,3552,1192277.0,5.272180877430329,6.613731540573206,11.885912418003535
CP010803,0.6307611824668071,0.79177825147932,11,4026,1285189.0,3.1561116691786193,1.5754881188681198,4.731599788046739
FP929041,0.3817016782973843,0.32901034472258595,11,1442,362689.0,7.020615458423057,8.646250644491563,15.666866102914618
AE000783,0.28987516776353023,0.20380897546101823,11,744,247372.0,9.273887101207897,13.155894765777857,22.429781866985753
AE009952,0.48973873887305164,0.4987038811144497,11,4090,1274421.0,5.367300130804499,7.462604586710357,12.829904717514857
AE017263,0.27118713225993357,0.12505984164978826,4,683,245078.0,8.569516643680787,8.122720113596488,16.692236757277275
AM494475,0.3093770417019434,0.19825725175293124,11,1182,344892.0,9.8340929914292,13.976839126451178,23.81093211788038
AP009247,0.32916934401046527,0.20665167106252752,11,937,289466.0,7.939447119869,13.838930997077378,21.778378116946378
AP012052,0.7050663779581839,0.9038103148334098,11,3676,1213681.0,1.9672385083065485,0.4960117197187729,2.4632502280253212
AP013044,0.48211756458069016,0.5448320235810405,11,2742,911947.0,5.311273571819415,4.480523539196905,9.791797111016319
BX571963,0.6565884357592906,0.8396725164306499,11,4815,1580833.0,3.1797160104830806,1.0162363766444653,4.195952387127545
CP000142,0.5611824672943827,0.64807612280281,11,3301,1058228.0,3.282751921136088,3.1102938119195485,6.3930457330556365
CP000285,0.645935948086823,0.8120132751231889,11,3298,1099785.0,2.9329368922107504,1.2374236782643881,4.170360570475139
CP000478,0.6029716347730787,0.7560073896371517,11,4064,1363806.0,3.2767123769803037,1.3934533210735252,4.670165698053829
CP000747,0.7171859115179123,0.9431111524462162,11,3529,1186274.0,2.8304590676353016,0.323281130666271,3.153740198301573
CP000910,0.5673255974465375,0.6067054970060769,11,3507,946584.0,4.129691606872712,4.173216534401595,8.302908141274308
CP001110,0.4901058728686794,0.5128254571505035,11,2707,858388.0,4.033141190230991,6.156306938121222,10.189448128352213
CP001560,0.577411456063147,0.6799839912116363,11,3904,1218237.0,4.3317515393146,5.0263618655483295,9.358113404862928
CP001684,0.6111759988553136,0.7920175523505307,11,2760,901557.0,2.9786247569482573,1.8580078686095278,4.836632625557785
CP001779,0.26240640229289885,0.11510648467129725,11,1434,484743.0,12.350668292270338,15.355972133687336,27.706640425957673
CP001896,0.6503930626011356,0.8122566459369426,11,3053,1062723.0,2.6893179125698796,1.3136066500866173,4.002924562656497
CP002046,0.344094034505972,0.23191173186087088,11,2702,907128.0,9.197489218721062,11.173726309848224,20.371215528569287
CP002287,0.6669281261610865,0.8562704542941372,11,6459,2131624.0,3.0553699902046514,0.8505252333432163,3.905895223547868
CP002449,0.6912199107983025,0.9065834342441966,11,4330,1404906.0,2.536824527762,0.5640235005046601,3.10084802826666
CP002584,0.4195364421935612,0.4024741240022717,11,5169,1822297.0,6.700828679408461,7.725908564849747,14.426737244258208
CP002859,0.47801572611572407,0.5290124133862834,11,5476,1910919.0,5.123974380913058,5.3307858679514935,10.45476024886455
CP003255,0.6174766802524909,0.7952779522796236,11,3709,1203951.0,3.3604357652429373,1.3727302855348764,4.733166050777814
CP003557,0.41967010043652975,0.4458353001972661,11,2840,1009095.0,6.685099024373325,5.455977881170752,12.141076905544077
CP003938,0.55322888175197,0.6379701864659425,11,4323,1393692.0,4.557750205927852,5.220091670182508,9.77784187611036
CP006939,0.523953061471631,0.5826116526660167,11,3397,1112036.0,4.384750133988468,4.5953548266423025,8.98010496063077
CP008713,0.28338520583969,0.17983154695638748,11,1595,493839.0,10.47770629699153,15.46313677129591,25.94084306828744
CP010848,0.6205353081841416,0.7056487152463929,11,1740,534994.0,2.7331147639038944,3.275363835856103,6.008478599759997
FP929045,0.5873238627919859,0.7565151630697272,11,2756,789536.0,3.4525341466380253,2.7209652251448952,6.1734993717829205
AE001273,0.4173422983328902,0.3431861039632746,11,894,312177.0,6.602344182947495,6.709334768416635,13.311678951364131
AE010300,0.36748796979684045,0.29724131700779616,11,3413,1077150.0,7.172724318804252,6.72218353989695,13.894907858701202
AE017282,0.640590072203758,0.8021081490463622,11,2960,982682.0,2.8809930374220754,1.024950085582111,3.9059431230041866
AM711867,0.7296404629711529,0.9566747059213445,11,2984,983589.0,1.6021935991557448,0.25772960047336846,1.8599231996291132
AP009384,0.6776203531867734,0.8651486789095381,11,4717,1605213.0,2.571434445148401,0.9705254069086159,3.541959852057017
AP012057,0.67566063872044,0.8612580391988072,11,4288,1491221.0,1.8791983213755705,0.6786385116625905,2.557836833038161
AP013063,0.6136395602590782,0.7811916239534215,11,4846,1526232.0,4.2058481279386095,2.3641228856425496,6.569971013581159
BX842601,0.5111643022920589,0.5837625261076778,11,3583,1168949.0,4.965229449702254,4.806710985680299,9.771940435382552
CP000143,0.6920597266841123,0.8916234445369362,11,3040,940060.0,3.031402250920154,0.46720422100716974,3.498606471927324
CP000316,0.6327491591199133,0.7856479412419025,11,4817,1519638.0,3.2888753768989716,2.0189018700506303,5.307777246949602
CP000481,0.6687109279375066,0.7937270077546651,11,2157,729848.0,2.0517970865166446,1.6273251416733348,3.6791222281899794
CP000749,0.4340575819900231,0.3826427255364717,11,4439,1488301.0,6.6399874756517665,8.189405234559405,14.829392710211172
CP000922,0.4211542356044093,0.38038805930667796,11,2832,834509.0,6.113654855729537,6.31760711987528,12.431261975604817
CP001130,0.35033857054899187,0.2869081233267965,11,1629,493201.0,11.413196648019772,7.1798313466517705,18.593027994671544
CP001607,0.4323958918479235,0.4131579385966906,11,2231,662228.0,6.296924926158362,7.416780927414727,13.713705853573089
CP001685,0.3086298706951685,0.21442466878329183,11,2220,685383.0,9.437496990733647,11.297624831663464,20.73512182239711
CP001785,0.6006024550853029,0.72661346568699,11,2050,618580.0,5.070968993501245,2.2503152381260305,7.321284231627276
CP001928,0.4438299284077071,0.44507304659986824,11,1934,662129.0,5.273896778422332,5.913953323295008,11.18785010171734
CP002048,0.5167457590138003,0.5746644676562214,11,2307,684432.0,6.729813918694626,4.448944526264114,11.17875844495874
CP002292,0.6319508720129303,0.7777586619724555,11,3565,1131195.0,2.8830572978133744,1.5228143688753928,4.405871666688767
CP002452,0.5514756863556461,0.6901867759401784,11,2086,633163.0,3.6571941190499127,2.8995693052184035,6.556763424268316
CP002593,0.7353758843767417,0.9439515303252752,11,6493,2086639.0,1.6813641458824453,0.3335507483565677,2.014914894239013
CP002899,0.36580287940143474,0.26304427579219003,11,1335,402028.0,7.781547553901719,11.753658949127923,19.53520650302964
CP003257,0.2916739383255777,0.18008996260873913,11,2033,681871.0,10.43569824790906,10.899275669444807,21.334973917353867
CP003590,0.46587833963355896,0.4398736890128674,11,4268,1345719.0,6.018046858222259,4.905407443901735,10.923454302123995
CP003940,0.3991095717349888,0.3427514963678667,11,2837,903685.0,7.215124739262022,9.295495664971755,16.510620404233777
CP007003,0.603399065971288,0.7136442505023892,11,2001,657867.0,2.96397296110004,3.1518528821175105,6.115825843217551
CP008802,0.6276382395699329,0.7350479456903943,11,1444,509936.0,2.2361629694706786,3.136668130902702,5.37283110037338
CP011265,0.6216010104150526,0.7580939318642193,11,2640,1013181.0,2.6752376919819856,2.2322763652299047,4.90751405721189
FP929047,0.6534424373179883,0.8834749686906843,11,2024,590507.0,2.6694010401231485,0.8304727971048608,3.499873837228009
AE001363,0.41418252261119437,0.3481790806395262,11,1052,361694.0,6.9398441776750515,7.084994498111663,14.024838675786715
AE013218,0.26365609063986933,0.12412520317861658,11,545,177729.0,10.433862791103309,11.63400458000664,22.067867371109948
AE017283,0.603762649144179,0.695160093857194,11,2297,762601.0,2.761076893421331,3.885255854634337,6.646332748055667
AM743169,0.6682518168125074,0.8426903960057605,11,4385,1432041.0,2.8213577683879163,1.301289558050363,4.122647326438279
AP009389,0.5466619375977866,0.6402720840054167,11,2920,868388.0,5.500421470586881,3.9843940726956153,9.484815543282496
AP012157,0.3957114650430976,0.334958060759873,11,3810,1085017.0,7.389100815931916,7.95102749542173,15.340128311353645
AP013066,0.5713147475314568,0.6774725169229194,11,2981,940467.0,4.0082214474298405,3.020520656227172,7.028742103657013
BX908798,0.36170784888853913,0.26626445480506034,11,2031,660722.0,7.6638888972972,8.702903793123282,16.366792690420482
CP000153,0.348390145096664,0.25654210373068037,11,2095,678674.0,9.3377674700961,10.828763146960103,20.166530617056203
CP000352,0.6447155569458761,0.8101902821649912,11,3726,1169994.0,3.247794433133845,1.321032415550849,4.568826848684695
CP000488,0.35435865572233666,0.2590924301377233,11,976,305790.0,7.186304326498577,12.861113836292882,20.04741816279146
CP000750,0.7463386489934608,0.959557438959206,11,4480,1435695.0,1.5307568808138219,0.30821309539978897,1.838969976213611
CP000923,0.34738002110883465,0.25978574634144963,11,2349,708708.0,11.129689519520028,9.128018873781585,20.257708393301613
CP001132,0.5963099841222087,0.6919158522304844,11,2826,854233.0,3.2120042189894327,2.517111841851111,5.729116060840544
CP001614,0.5179313110288861,0.556005215699012,11,4253,1491302.0,4.41915856077441,5.157305495466377,9.576464056240788
CP001686,0.7192896861655812,0.9326140683830574,11,2554,821909.0,2.1386795861828984,0.7175976902552472,2.8562772764381457
CP001792,0.4898958284834345,0.5603099418794139,11,3085,1159818.0,4.065724104988886,5.728916088558722,9.794640193547608
CP001931,0.4709078697059707,0.5088172016006162,11,1592,479408.0,8.444998831892667,4.9419283783332775,13.386927210225945
CP002049,0.6884758528974098,0.8774532828923983,11,2945,948209.0,2.5993214576111385,1.3314575162226894,3.930778973833828
CP002305,0.41000636494405024,0.3881819290613729,11,3465,1208704.0,8.307079318013344,8.19762323943662,16.504702557449964
CP002453,0.3437020163671644,0.24435533286278283,11,4163,1422360.0,9.199780646249895,11.005371354650018,20.20515200089991
CP002606,0.3754681970349115,0.3466961443022379,11,1677,522750.0,9.813295074127213,9.246293639406982,19.059588713534193
CP002901,0.572955143639355,0.6380309094469542,11,3754,1040395.0,4.321627843271066,2.789805794914432,7.111433638185497
CP003274,0.5798239752003184,0.745756944944275,11,3110,1072917.0,3.814554154701622,1.6895062712213527,5.504060425922974
CP003591,0.6012836498411379,0.7198510137628887,11,3815,1301653.0,3.7788104817489763,2.8115788155522248,6.5903892973012015
CP003944,0.42963118870012057,0.3635687673373241,11,3337,1011999.0,6.526883919845771,7.392892680723993,13.919776600569763
CP007031,0.6861564797665152,0.8768576988031427,11,3256,1092776.0,2.2856468297253967,0.8147140859608922,3.100360915686289
CP008852,0.3946422510875937,0.3122572247726593,11,4759,1426084.0,8.088233231703041,9.158506792026277,17.246740023729316
CP011280,0.28466104374516393,0.1582710624977438,11,1181,389003.0,12.48910676781413,13.857990812410188,26.347097580224318
FP929048,0.3283902242766275,0.18348531146547045,11,2118,457337.0,9.711000859322557,11.571335798328148,21.282336657650706
AE001437,0.3156770534814757,0.20851891007668322,11,3672,1123604.0,10.892182655099127,12.5853948544149,23.477577509514028
AE014184,0.46528128287995096,0.42332570141832715,11,808,265486.0,5.416481471716023,7.219589733545272,12.636071205261295
AE017285,0.6353530661438876,0.780466201985313,11,3371,1016108.0,2.143374523180607,1.906588669708338,4.049963192888945
AM746676,0.7169134784704737,0.9184608346914314,11,9375,3762786.0,1.9096488612427067,0.4594468035120785,2.369095664754785
AP009484,0.37604156657475857,0.3086870568244943,11,1959,614019.0,7.793732767227073,10.692177277901825,18.485910045128897
AP012159,0.6213450100106683,0.7207835971453984,11,2811,912360.0,3.159827261168837,3.219891270989522,6.379718532158359
AP013105,0.6450969682054729,0.840395847477622,11,2281,833005.0,2.6496839754863415,1.300952575314674,3.9506365508010153
BX950851,0.5230182803512671,0.5653477500970981,11,4467,1446307.0,4.868191884572224,5.922739777930965,10.790931662503189
CP000154,0.4691894185237652,0.4721245257696696,11,4805,1536761.0,5.5922814282767455,6.40698195750673,11.999263385783475
CP000356,0.659866061844522,0.8159787272014843,11,3165,1006136.0,2.712953318438064,1.118039708349567,3.830993026787631
CP000489,0.6720359141791045,0.8494526796295279,11,2799,857600.0,3.2522154850746268,0.8811800373134329,4.133395522388059
CP000758,0.5718653843833336,0.6465019933438176,11,2731,828730.0,3.3077117999831067,3.1626705923521534,6.47038239233526
CP000930,0.5813460897980416,0.7080889038597002,11,3002,881749.0,3.73995320663817,3.080241656072193,6.820194862710363
CP001135,0.6109921879171745,0.7558851146663308,11,3536,1067449.0,4.206289949215372,3.708842295978543,7.915132245193915
CP001616,0.49901291909450823,0.510229899801326,11,3130,1024401.0,5.100444064384943,6.619868586617936,11.72031265100288
CP001698,0.6244544159101809,0.8090438307496474,11,2203,772872.0,2.974489954352079,1.2612696539659867,4.235759608318065
CP001801,0.5559795518166795,0.6239507761093301,11,2357,761013.0,3.804665623320495,3.8259530389099794,7.630618662230475
CP001940,0.6128720595207168,0.7559795142641706,11,2611,908412.0,3.143837818082544,2.7576694275284783,5.901507245611022
CP002082,0.3064471397728669,0.20516344568021314,4,1091,284855.0,6.859630338242264,8.688631057906655,15.548261396148918
CP002343,0.7101441907973121,0.9135688959694015,11,3563,1199961.0,1.6601372877951868,0.7659415597673591,2.426078847562546
CP002455,0.36765932817402386,0.309780832841199,11,2049,669211.0,8.17843699520779,6.820868156680031,14.999305151887821
CP002628,0.6100735903864921,0.7482529593895774,11,1768,613803.0,2.886593907165654,2.256098455041764,5.142692362207418
CP002955,0.3920401369556203,0.35572245076103987,11,5000,1782962.0,7.344071270167284,8.901255326810105,16.24532659697739
CP003280,0.3697673116276986,0.30539178161334585,11,3140,1041665.0,7.638252221203555,8.489389583023334,16.127641804226887
CP003592,0.48762117626211976,0.4941551649534764,11,3561,1177589.0,5.328429528468761,7.614031720744674,12.942461249213435
CP003945,0.43654474773183594,0.37316261094831615,11,3708,1181058.0,6.140341964577522,7.236562471953113,13.376904436530635
CP007034,0.5319705754632762,0.6684945270719582,11,2512,894265.0,4.509177928242747,2.9005943428402094,7.409772271082956
CP008876,0.4369594039802094,0.4050267607543369,11,3151,932497.0,6.1689206506830585,7.02232822196747,13.19124887265053
CR354531,0.4293107040072068,0.36527950539601506,11,3410,1115249.0,6.538181159543743,9.644572647005287,16.18275380654903
FP929054,0.4330277662032653,0.41008267446783125,11,3155,950364.0,5.736538841959502,6.5167662074741886,12.25330504943369
AE002098,0.532081170247543,0.6145352440034058,11,2063,597526.0,4.086014667144191,3.0736737815592963,7.159688448703487
AE014295,0.6095322551350766,0.762778144793405,11,1727,640513.0,3.1379534841603527,2.557793518632721,5.695747002793073
AE017340,0.4755115343523522,0.4683676524863687,11,2612,864230.0,5.730997535378314,8.106638279161798,13.83763581454011
AM747720,0.6746080524807326,0.8745464418156129,11,3469,1104761.0,3.2046750383114535,0.5297073303637619,3.7343823686752153
AP009552,0.43009831267348486,0.3892007933373903,11,6311,1578908.0,7.016431609694802,7.399861169871835,14.416292779566637
AP012200,0.33064972330395576,0.2080352478000979,11,1742,487900.0,8.298216847714695,10.117647058823529,18.415863906538224
AP013357,0.40254135377336137,0.30501241130935725,11,3347,1118459.0,6.589244666098623,9.594987388898476,16.1842320549971
CP000009,0.6181531712949808,0.7267418086110884,11,2432,809438.0,3.0768261435712185,2.4281044378939463,5.504930581465165
CP000155,0.5488928843931072,0.6387101297013298,11,6778,2117936.0,4.391539687695945,4.495083892997711,8.886623580693657
CP000360,0.5898851927213626,0.7192985494437245,11,4777,1679307.0,3.562183686484961,2.2259181912538923,5.788101877738853
CP000509,0.7199183002646028,0.9396428265825749,11,4645,1512204.0,2.1103634165760705,0.4657440398253146,2.576107456401385
CP000771,0.35292064164593756,0.2882185414803163,11,1750,585328.0,8.991198097476971,8.835046332996201,17.82624443047317
CP000934,0.5275744523872895,0.5787779292791564,11,3754,1378879.0,4.134082831053341,5.4550834409690765,9.589166272022418
CP001145,0.4499245474744258,0.4382899365197483,11,1481,439570.0,7.227062811383853,6.953841253952727,14.180904065336579
CP001618,0.7329910296350217,0.943873701317546,11,4197,1434204.0,1.5596804917571,0.36528973563035666,1.924970227387457
CP001699,0.4629834067508879,0.48019834345186796,11,7192,2683963.0,6.037042984571695,6.7988642168316025,12.835907201403296
CP001802,0.6752621956231492,0.8431037767698072,11,4615,1500470.0,2.3262044559371398,1.0405406306024112,3.366745086539551
CP001958,0.6733780713364466,0.84511879418157,11,3006,946697.0,1.9565922359530028,0.7790243340794362,2.735616570032439
CP002083,0.6147164419534201,0.7447682141730141,11,3512,1061946.0,2.9559883459234277,1.6958489414716005,4.651837287395028
CP002344,0.7262961885267833,0.907820224153763,11,2322,797312.0,2.1021883528656287,0.5495966447262803,2.6517849975919088
CP002456,0.3785337946447704,0.2714914534602852,11,1556,521123.0,7.463497101452057,11.438758220228237,18.902255321680293
CP002629,0.5435386319107249,0.6240940250378535,11,2863,919555.0,4.584608859720191,4.06120351691851,8.6458123766387
CP002959,0.5388488605373853,0.6215790326043154,11,4110,1331695.0,3.8007952271353425,3.9739580008935977,7.77475322802894
CP003281,0.37599208906234716,0.32379072310167356,11,3680,1202723.0,7.553942179537599,8.63399136792096,16.18793354745856
CP003597,0.4540037211882931,0.4006956203324722,11,5408,1742275.0,6.565381469630225,5.86078546727698,12.426166936907205
CP003946,0.4494201474131781,0.40530300336140906,11,4228,1410186.0,5.237677866607667,7.719265401868973,12.95694326847664
CP007035,0.46154707039633014,0.4940268263214104,11,4110,1373064.0,5.99935618441675,6.4303630420723294,12.429719226489079
CP008889,0.6935267654642321,0.8989821442181772,11,2222,723837.0,1.7394800210544639,1.0647424765520415,2.8042224976065055
CR522870,0.4774580535425782,0.4824238288758859,11,3109,996727.0,4.719747734334477,7.224947252356964,11.94469498669144
FP929056,0.640010331553151,0.8481519155879677,11,1435,431042.0,3.7420947378677716,1.3761999990720162,5.118294736939788
AE003849,0.5389361477619948,0.5727928242196109,11,2766,742365.0,4.180558081267301,5.2016191496096935,9.382177230876994
AE014299,0.4710114123873603,0.4658572774952191,11,4064,1352653.0,6.125517778765137,8.224060420521745,14.349578199286881
AE017354,0.3899757023447337,0.3290478465879892,11,2941,1001194.0,7.058372303469657,9.0030503578727,16.061422661342355
AM889285,0.6718718080716463,0.8347792092373237,11,3781,1182997.0,2.955797859166169,1.0748970622917895,4.030694921457958
AP010656,0.338522153290761,0.2396957596501236,11,758,263708.0,8.780545148421739,9.406995616363554,18.187540764785293
AP012204,0.6775278324405882,0.8442931868088239,11,5358,1718109.0,2.7169987468781085,1.1271694636370568,3.844168210515165
AP014521,0.2618801854253002,0.11593411918327375,11,614,196665.0,10.186865990389748,11.905524623090026,22.092390613479775
CP000013,0.28573234762985067,0.19650432473172308,11,832,279462.0,9.438134701676793,13.469809848924003,22.907944550600796
CP000157,0.6354743826527123,0.7833673948942151,11,3011,930743.0,2.805715433798589,1.2214972339303116,4.0272126677289
CP000362,0.5959458998914298,0.6982691813004503,11,3946,1232382.0,3.5737295741093265,3.2782854666815973,6.852015040790923
CP000510,0.4142706652379176,0.36308280815040717,11,3545,1176787.0,6.741236944323824,10.024923796744865,16.76616074106869
CP000774,0.6284782597567031,0.7680487765216774,11,3635,1172066.0,3.0013668172270163,1.4906157161798057,4.491982533406822
CP000975,0.45955211584023675,0.4730620588979391,11,2472,690238.0,5.286147676598507,5.166768563886659,10.452916240485166
CP001146,0.3387181566066459,0.24850904471628543,11,1912,608067.0,10.540450312218884,9.957290890641984,20.49774120286087
CP001619,0.5267998740519426,0.6425369373192923,11,5719,2079164.0,4.663412794757893,3.3965574625185893,8.059970257276483
CP001700,0.703521229714885,0.9041605647821969,11,8914,3087198.0,2.5356650269921137,0.6141815328981166,3.1498465598902303
CP001804,0.7001839891891123,0.8979464723936952,11,6716,2763387.0,1.6139976051128562,0.7199860171593773,2.333983622272233
CP001964,0.7443180484377416,0.9530341054217772,11,3678,1235359.0,1.443871781401196,0.3828037032150169,1.8266754846162128
CP002084,0.56112375526641,0.6527511895455412,11,1656,489027.0,4.389328196602642,4.046606833569516,8.435935030172159
CP002345,0.40015062786078137,0.3697983871346689,11,3020,1067089.0,7.121524071562916,7.733375566611595,14.85489963817451
CP002467,0.580285114934478,0.6770639818037093,11,4180,1520533.0,3.454446565776606,2.3487158779191244,5.80316244369573
CP002630,0.6867528617389651,0.8843368433249809,11,2205,692615.0,2.7040996801975123,1.0142719981519315,3.7183716783494436
CP002961,0.3672860280448031,0.2833196180770835,11,3950,1423294.0,7.364817107358003,9.832051564891021,17.196868672249025
CP003283,0.38258462188721776,0.35173453869072857,11,2267,709775.0,7.836567926455567,7.839667500264168,15.676235426719735
CP003600,0.46712244379614076,0.4439948518768143,11,5498,1662801.0,5.820059044948855,5.9104486947024935,11.730507739651348
CP003978,0.31472566450031403,0.18227570933795126,11,734,240958.0,10.398077673287462,12.48474837938562,22.88282605267308
CP007044,0.5239951954297858,0.5703689090820666,11,4540,1464439.0,4.9155342079799835,5.795666463403392,10.711200671383375
CP008936,0.39114947817032714,0.2973074091800268,11,1359,412970.0,6.329515461171514,9.37622587597162,15.705741337143134
CR555306,0.6559509201197714,0.8221187066736202,11,4117,1302258.0,2.7545232972268168,0.9769953419368512,3.731518639163668
FP929061,0.37749580697040375,0.31646218727256326,11,2771,812062.0,7.4565735128598565,7.616659811689256,15.073233324549111
AE003852,0.4840383791917741,0.49085328827676306,11,2724,850843.0,5.4816223439576985,7.0947284046527965,12.576350748610494
AE015450,0.320912267959659,0.2331720801658604,4,763,297398.0,6.785183491482794,9.628175038164345,16.41335852964714
AF222894,0.2576663138896086,0.12157758931952481,4,611,227717.0,7.8623905988573535,10.342662164001808,18.205052762859165
AM942444,0.649733700226855,0.818852491596257,11,2024,706472.0,2.6878630717140948,2.260669920393165,4.94853299210726
AP010803,0.6548016946711838,0.8181508818790607,11,3529,1055544.0,3.101055001023169,1.3734150352803862,4.474470036303555
AP012205,0.48693833584866913,0.49725165012733646,11,3171,1032334.0,5.505291891965197,6.020047775235534,11.52533966720073
AP014568,0.6666586181144106,0.8415067066572002,11,2372,786891.0,2.6204391713718924,0.905462128808183,3.5259013001800756
CP000030,0.4986456138500026,0.5258780797442166,11,949,341237.0,6.159062469779069,6.435703045097688,12.594765514876757
CP000158,0.6244949954939555,0.7463078065575984,11,3504,1114429.0,3.2623881826477956,2.755312361756559,6.017700544404354
CP000383,0.396988138873262,0.3573532499429782,11,3785,1327839.0,6.626481071876937,7.821656089330108,14.448137161207045
CP000512,0.6913775639535336,0.8857319434403894,11,4709,1587181.0,2.2349687905790203,0.5157571820731222,2.7507259726521425
CP000781,0.680246048461197,0.8699390950337534,11,4746,1549776.0,2.5566920638853614,0.9538152610441767,3.510507324929538
CP001013,0.6940778574023785,0.9087666522559267,11,4363,1500932.0,2.827243339471742,0.48809672923223707,3.315340068703979
CP001147,0.3421448165336323,0.23341923277136084,11,2028,622521.0,8.562602707378547,10.38663755921487,18.949240266593417
CP001628,0.7327999301163437,0.9540161671016013,11,2236,740278.0,2.098400871024129,0.44550830904065775,2.543909180064787
CP001706,0.5864187465929445,0.6314851589075238,11,2511,821824.0,2.8350352386885755,4.424670002336267,7.259705241024842
CP001807,0.6534605750946907,0.8144677358863406,11,2766,994642.0,2.7658192595928988,1.0029739343401949,3.7687931939330936
CP001965,0.5830305694876747,0.7220658039399851,11,2980,914354.0,3.78048327015576,1.9357929204662525,5.716276190622013
CP002085,0.6633138995952846,0.8638433527947103,11,3274,1099291.0,2.7533200944972713,0.824895318891904,3.5782154133891755
CP002346,0.35795731870199804,0.2905534388379611,11,1972,642639.0,8.89099478867607,10.116099396395178,19.007094185071246
CP002480,0.6147012584868995,0.7637177417296304,11,3698,1257330.0,3.338662085530449,2.406369051879777,5.745031137410226
CP002638,0.7140076109417517,0.9071408489146919,11,5956,1955080.0,2.140372772469669,0.6889743642203899,2.8293471366900587
CP002972,0.6041223525966062,0.7048551943473279,11,3396,1092580.0,3.7468194548682936,3.445514287283311,7.192333742151605
CP003345,0.31859097711418366,0.18922868308147178,11,3878,1352701.0,8.00213794474906,10.00457602973606,18.006713974485123
CP003607,0.4831715769190014,0.47961187591993515,11,5704,2038456.0,5.6675248325203,5.5882982021687,11.255823034689
CP003984,0.5437501433692861,0.5872815694032312,11,3033,973593.0,4.106952289098217,4.75188297368613,8.858835262784346
CP007051,0.3215857578998775,0.22482816583372262,11,1826,556285.0,9.565780130688406,9.867783600133025,19.433563730821433
CP008941,0.42076935675016786,0.36996460260696523,11,1811,551569.0,6.1965048797158655,8.824281277591743,15.020786157307608
CU207211,0.5535494054076968,0.6311704260127009,11,3283,1006516.0,4.307134710228153,3.0409849421171646,7.348119652345318
FQ311875,0.6038741687394467,0.7171224959486544,11,3376,1066603.0,3.4885519729458854,2.9819904875572263,6.470542460503111
AE004091,0.6725326583651025,0.878743299136474,11,5569,1859248.0,2.8931051694018226,0.5607643520391039,3.4538695214409265
AE015924,0.4946300756189419,0.5473122169687745,11,1909,643181.0,5.179101994617379,3.7253898980224855,8.904491892639864
AJ749949,0.3302558605146653,0.21487480137191836,11,1605,498136.0,9.067804776205694,13.605922880498499,22.673727656704195
AM942759,0.40244614383824406,0.31270761925227125,11,3607,1139099.0,6.9741084839860275,10.355640730085796,17.329749214071825
AP010946,0.6863658853111975,0.880590258726206,11,2893,950613.0,3.0837996114086383,0.7973802167653924,3.8811798281740306
AP012206,0.6454689808635105,0.8230926433149316,11,8829,2597359.0,3.022762737072542,1.1741542081783842,4.196916945250926
AP014583,0.3269853942200925,0.21082646239335145,11,3527,1147354.0,9.049430254306866,12.471129224284747,21.520559478591615
CP000031,0.6488704425682323,0.8104789407016101,11,3836,1231441.0,3.5681774441487657,1.4237791335516683,4.991956577700434
CP000159,0.6709663494698643,0.8563942128279446,11,2801,1002322.0,2.1555947090855034,1.076999207839397,3.2325939169249005
CP000386,0.710701129979625,0.9315690931840928,11,3140,985357.0,2.802436071393414,0.4036100621399148,3.2060461335333286
CP000513,0.4512870429935244,0.42594642408306105,11,1279,415047.0,5.464682313087433,6.474929345351249,11.939611658438682
CP000783,0.5799525946466587,0.6918477301103886,11,4277,1295353.0,4.212828472238841,4.591644130982057,8.804472603220898
CP001016,0.5836579241973641,0.6658423132624758,11,3569,1144261.0,2.9961695801919315,2.984895928463873,5.981065508655805
CP001154,0.633751158120906,0.7767714501536805,11,3238,924630.0,3.1602911434844208,1.9348279852481534,5.095119128732574
CP001629,0.5970585238949758,0.7475914693663672,11,3430,1171362.0,3.081370233966955,2.1790018798629287,5.260372113829884
CP001707,0.4438984506203889,0.41815613580524247,11,2632,852879.0,5.867420818193437,9.361820375457715,15.22924119365115
CP001810,0.4086015553043133,0.37147244141159735,11,2934,1065815.0,5.711966898570577,10.364650525654078,16.076617424224654
CP001966,0.6891375116222271,0.8667211209575947,11,4157,1336161.0,2.3795785088772985,0.9130636203271911,3.2926421292044896
CP002102,0.6893266409315721,0.8851748390177996,11,3327,1043970.0,3.153730471182122,0.6569154286042702,3.8106458997863926
CP002347,0.3608778935555552,0.323593167303139,11,2043,671881.0,8.750061394800568,9.932860134458334,18.682921529258902
CP002505,0.5363727017365562,0.5977025040164649,11,4392,1412969.0,4.7116391088551834,5.441662202072373,10.153301310927557
CP002663,0.5772653749233808,0.6622690752076956,11,3696,1174640.0,3.8046550432472928,3.0843492474289995,6.889004290676292
CP002987,0.4041698269946184,0.37584098502617175,11,3472,1144396.0,6.29135369225338,9.131716643539473,15.423070335792854
CP003346,0.45872655346570657,0.5017317073018609,11,4547,1607878.0,5.649309213758756,6.365905870967823,12.015215084726579
CP003610,0.4083233285220308,0.3266010843686628,11,5393,1779144.0,6.930074237948136,8.370935685925366,15.301009923873503
CP003985,0.4611935777207518,0.44584133050367375,11,3494,1186204.0,4.666735232725568,7.114037720324665,11.780772953050233
CP007053,0.6466586206362372,0.7996768761683464,11,5980,2130243.0,2.00502947316339,0.9715792986997258,2.9766087718631162
CP009056,0.35438886885980725,0.24031124378739768,11,2272,760006.0,7.746649368557617,12.0784572753373,19.82510664389492
CU207366,0.37349062867065014,0.31194555614983127,11,3584,1142225.0,7.517870822298584,10.331151918404869,17.849022740703454
FQ312005,0.3709031401845422,0.30496237216183186,11,3230,1060426.0,7.072063491464751,11.99847985620873,19.070543347673482
AE004092,0.39242043680941013,0.31804950893560263,11,1693,515984.0,6.701951998511582,10.204773791435393,16.906725789946975
AE015928,0.4396745019498862,0.44934245071941037,11,4787,1865408.0,6.442343980512574,6.609492400590112,13.051836381102685
AJ965256,0.47966988920720394,0.48690922027412276,11,1458,417476.0,6.715835161781755,6.773563031168258,13.489398192950015
AP006618,0.7128093803336676,0.9123049795278015,11,5693,1810824.0,2.1003145529328084,0.44742062177218767,2.547735174704996
AP010968,0.7456344492214344,0.961912822349542,11,7569,2545536.0,1.8520264494393321,0.1896653592799316,2.0416918087192637
AP012211,0.5693995848796439,0.6598174843378569,11,2680,914273.0,3.205060195368342,3.5435805279167165,6.7486407232850585
AP014624,0.36806642941874257,0.3139380641042788,11,4828,1552525.0,7.098178773288675,9.346773803964508,16.444952577253183
CP000061,0.2862611376005394,0.19426877241027188,11,671,173025.0,8.63690218176564,10.6782256899292,19.31512787169484
CP000230,0.6622089736850888,0.8195482292321247,11,3791,1278464.0,3.007437049459351,1.621789897877453,4.629226947336805
CP000388,0.4551163096721523,0.44036692923671095,11,4281,1489472.0,6.450675138572595,8.450444184247841,14.901119322820437
CP000514,0.5798340787739166,0.6814728061936401,11,3858,1297443.0,4.031545123754955,3.67700161009,7.708546733844955
CP000806,0.3878220883883853,0.3004771614950684,11,4762,1423988.0,7.775837998634819,9.197479192240383,16.973317190875203
CP001022,0.48620049346586763,0.5166415354689753,11,3007,885708.0,4.580403473831105,5.065552078111522,9.645955551942626
CP001157,0.6660049589995833,0.8556093484337627,11,5051,1531895.0,2.854438456943851,0.6772657394925893,3.53170419643644
CP001630,0.7414049890260729,0.9647553671768753,11,6916,2390059.0,1.9008317367897611,0.27815212929890015,2.1789838660886613
CP001708,0.36599509018030063,0.31568887565313913,11,1702,555757.0,9.90396882090554,10.511068686494278,20.415037507399816
CP001814,0.7155033859677516,0.9265748628404825,11,8944,2947311.0,2.277839020042337,0.6072314730274477,2.885070493069785
CP001968,0.4327836417283887,0.4236700384463651,11,2964,968725.0,6.254200108389894,8.389068104983355,14.643268213373249
CP002105,0.37416505555825263,0.2883024197938333,11,2270,700346.0,10.0420363648825,13.213754344281254,23.255790709163755
CP002349,0.3615028078391916,0.2963916113315341,11,3749,1335784.0,8.30710653818282,10.62986231306858,18.9369688512514
CP002511,0.3193868324571911,0.22731416279803376,11,1447,404044.0,8.755482076209521,10.893615546821632,19.649097623031153
CP002667,0.4067745036720796,0.34890682829062847,11,2492,789834.0,6.380074800527706,8.737278972543598,15.117353773071304
CP002999,0.42182412540656344,0.4387642368574997,11,3432,1153879.0,6.002362466081799,6.566286413046775,12.568648879128574
CP003349,0.3814938660844675,0.3197342797245959,11,4310,1507846.0,7.248485588050769,10.168677703160666,17.417163291211438
CP003620,0.411016664792242,0.31495130810714445,11,4474,1440442.0,7.726170161658713,8.982242950427715,16.70841311208643
CP004142,0.572064988176523,0.6729288491049579,11,4909,1562992.0,4.277245181037395,4.621456795684175,8.89870197672157
CP007128,0.7292568298758993,0.949360818339822,11,4513,1627604.0,2.081648853160843,0.22468610300785696,2.3063349561687
CP009129,0.3987684646675305,0.3247324914168515,11,3087,916796.0,7.397719885339813,7.6499024864855425,15.047622371825357
CU466930,0.3828144035397921,0.326215710723192,11,1815,649831.0,7.103847000220057,8.93016799752551,16.034014997745565
FR872580,0.3981030144049393,0.33700434269617807,11,2585,811990.0,6.1506915109791995,7.523368514390572,13.674060025369771
AE004439,0.41136294346969804,0.34577784851273907,11,2014,668037.0,6.9178802970494155,8.27020060266123,15.188080899710645
AE015929,0.330413099676286,0.21040925459518361,11,2419,695264.0,8.705901643116858,12.374004694619599,21.079906337736457
AL111168,0.30876430805863764,0.1911622793140543,11,1623,507319.0,9.454012169857624,12.279059132419642,21.733071302277267
AP006628,0.2915119911863246,0.19930445779323427,11,751,206346.0,8.443585046475338,10.898684733408935,19.342269779884273
AP011112,0.4421403158560454,0.4638958714164295,11,1894,556055.0,8.84948431360207,5.838091555691433,14.687575869293504
AP012224,0.6539162819670228,0.8516382868527163,11,4014,1262890.0,3.2587161193769845,1.0745195543554862,4.333235673732471
AP014633,0.4207730187654956,0.3541234610841793,11,3964,1383994.0,6.715274777202792,8.753433902170096,15.468708679372888
CP000082,0.44686578830201446,0.4080215481522996,11,2120,710487.0,5.865413441766,10.141353747499954,16.006767189265954
CP000232,0.5706074878970236,0.6587165920861046,11,2460,752432.0,4.996066089693155,4.213005294830629,9.209071384523785
CP000390,0.6166465256413678,0.739364797965004,11,4064,1311585.0,3.1523690801587394,2.009477083071246,5.161846163229986
CP000542,0.6570171827481953,0.8261019430542479,11,4908,1646962.0,2.9043778787853025,0.9470771031754224,3.851454981960725
CP000812,0.3876170873484334,0.33955509409162793,11,2040,668518.0,8.523181126013062,6.8113349229190545,15.334516048932116
CP001032,0.6557032221235329,0.8254079760387313,11,4612,1754102.0,2.7479587846088767,0.9711521906935856,3.719110975302462
CP001196,0.6318265560351466,0.7832666781573492,11,3722,1088659.0,3.0060836313299206,1.5884680143185332,4.594551645648454
CP001631,0.6848877432898204,0.8271970461677575,11,1964,638967.0,1.7539246940765327,0.951222833104057,2.7051475271805896
CP001712,0.5617904682568607,0.6983525444781286,11,3211,1075592.0,3.951126449434358,2.616233664809705,6.567360114244063
CP001816,0.3943784897349621,0.3477719030031057,11,2265,709999.0,6.2356425854120925,9.827478630251592,16.063121215663685
CP001992,0.5599940605337524,0.613756084758578,11,1909,642033.0,4.3151987514660455,4.260217153946916,8.57541590541296
CP002106,0.6528708967391151,0.8496606518735268,11,1739,592283.0,2.290121445322591,1.5323755704620934,3.8224970157846845
CP002353,0.6307990666883716,0.7424298003994622,11,3690,1535750.0,2.9912420641380435,1.6887514243854795,4.679993488523523
CP002512,0.43174105930065587,0.41435115061043487,11,1726,549696.0,6.61420130399348,9.974058388636628,16.588259692630107
CP002683,0.4267406404137122,0.3800570222857741,11,2183,690335.0,7.537644766671254,8.217169924746681,15.754814691417934
CP003040,0.49444381316718117,0.5684764291373214,11,3362,1056060.0,5.094123439956063,4.779936746018219,9.874060185974281
CP003350,0.6394798757785554,0.7755540778211096,11,3101,1036214.0,3.11344953841581,1.6150138870928206,4.728463425508631
CP003630,0.47278520735928325,0.450968943424374,11,6027,2030397.0,5.8283183042528135,6.484052133646769,12.312370437899583
CP004345,0.527313105947607,0.5791369734287417,11,3525,1097489.0,4.807155242558239,6.356236827886201,11.163392070444441
CP007139,0.6144573326798454,0.7573405531555037,11,4820,1530250.0,3.1616402548603166,1.5583728148995262,4.720013069759843
CP009217,0.31657723607040483,0.19634432706696325,11,1712,518279.0,10.07140941462031,13.162794556599824,23.234203971220133
CU469464,0.22659226083763057,0.1023928952135556,11,482,153393.0,10.329676060837196,14.729485700129732,25.059161760966926
FR872582,0.42524884557552967,0.38374290862083976,11,2353,748858.0,5.199650668083936,6.869526665936665,12.069177334020601
AE005174,0.5110885971639887,0.543531393766604,11,4274,1161749.0,4.937555358343325,6.398370043787427,11.335925402130751
AE016822,0.6852232786945124,0.8703957593759006,11,2030,602319.0,2.2858319262716265,0.7857962309009013,3.071628157172528
AL591688,0.6360156874114468,0.7982855120023727,11,3359,1048569.0,2.997704490596232,1.028544616520229,4.026249107116461
AP006725,0.5886991020875549,0.7141023758744681,11,5003,1557947.0,4.269400692064622,4.126006853891693,8.395407545956314
AP011121,0.5388700835281605,0.5329877392139974,11,2628,865297.0,3.823658235264886,4.886530289599987,8.710188524864872
AP012273,0.5702877832091785,0.6691787880287341,11,2812,932438.0,3.432292549209706,3.097042377080299,6.529334926290005
AP014648,0.6345217692730161,0.7939218253037931,11,3342,997193.0,2.905656176888526,1.2931298153918047,4.198785992280331
CP000083,0.3891172153445077,0.3010327731488269,11,4910,1512211.0,7.593649298940425,11.746508919720858,19.340158218661283
CP000237,0.4148670515612202,0.374023974044828,11,932,250285.0,7.378388636953872,8.215434404778552,15.593823041732424
CP000393,0.36832029462704247,0.25470575318686717,11,4451,1543737.0,8.496848880346846,10.191114159989686,18.687963040336534
CP000544,0.6838918750219568,0.8631308022374988,11,2407,815994.0,2.3142327026914415,1.4411870675519673,3.755419770243409
CP000817,0.3808881891325906,0.2926048487180174,11,4584,1236621.0,8.077009851846281,8.841755072896223,16.918764924742504
CP001034,0.3684694922409318,0.2797233030696066,11,2878,907261.0,9.116781168814708,10.734066602664504,19.85084777147921
CP001220,0.6267299709362508,0.7715658345649737,11,4802,1544077.0,3.212987435212104,1.6404622308343433,4.853449666046448
CP001632,0.4065995563046862,0.3795838006697522,11,2171,749313.0,7.774054367133627,8.091411733147563,15.86546610028119
CP001715,0.6441597992335606,0.7976488819230162,11,4326,1474350.0,2.78298911384678,1.2759521144911317,4.058941228337912
CP001818,0.6448756417479209,0.8578104600057043,11,1734,566227.0,5.058218700273919,1.6043035743615195,6.662522274635438
CP001997,0.45844008209035303,0.4235289170710375,11,1871,596416.0,6.101110634188218,6.1213984869621205,12.222509121150338
CP002116,0.49563088528009547,0.5281056610217174,11,4219,1433166.0,4.398792603229493,4.98420978449112,9.383002387720612
CP002355,0.4571393172426394,0.4858408368444576,11,2538,799054.0,4.94509757788585,6.372410375268755,11.317507953154605
CP002514,0.619536636592859,0.7258909506180398,11,2228,802581.0,2.30755524987509,2.755858910190996,5.0634141600660865
CP002690,0.3435857785605895,0.26476741334845133,11,1805,576838.0,9.511335938339707,9.934505008338563,19.44584094667827
CP003051,0.666063570674435,0.8427816303768003,11,3480,1117014.0,2.65072774378835,1.0979271522111629,3.748654895999513
CP003359,0.327832531331843,0.19331041856227,11,2467,768494.0,11.361311864503822,14.272199913076745,25.633511777580566
CP003642,0.4344279160384122,0.3783934283307829,11,5811,1866282.0,7.0208039299527085,7.74218472878161,14.762988658734319
CP004349,0.3108666490525882,0.18513214182868917,11,2635,915934.0,9.736181864632169,11.294809451336015,21.030991315968183
CP007142,0.4955167109115881,0.5178819135835951,11,5934,1868011.0,4.594351960454194,6.1685396927534155,10.76289165320761
CP009302,0.6427268146887183,0.8446991440159969,11,1408,477001.0,2.767080152871797,0.8259940754841185,3.5930742283559156
FM178379,0.4002548197146653,0.3115001291469553,11,2823,862309.0,7.11832997220254,10.265577652558422,17.383907624760962
HE717023,0.4252621710116857,0.39341549055552255,11,4104,1132753.0,6.80421945472667,7.955220599724741,14.75944005445141
AE005176,0.362695042922594,0.2512687025226255,11,2266,665345.0,6.64031442334428,10.950860080108814,17.591174503453093
AE016825,0.6583828168236953,0.8580737893729181,11,4407,1397941.0,3.6168193078248656,0.915703881637351,4.532523189462217
AL645882,0.7257227065084658,0.9331832870793082,11,7750,2558519.0,1.9928325722810736,0.37181666424990395,2.3646492365309775
AP006840,0.6941962749535945,0.9074937933408601,11,3334,1031665.0,2.810311486771384,0.8441693766871998,3.654480863458584
AP011529,0.31135297184567257,0.21677080261431833,11,2117,690480.0,10.01187579654733,12.65033020507473,22.66220600162206
AP012292,0.5184510223370487,0.6068031213819606,11,2826,893329.0,4.650358378604076,5.161144438387201,9.811502816991277
AP014800,0.6734605469483514,0.8471110576493049,11,4295,1301171.0,3.223711564429272,0.9233989998240048,4.147110564253277
CP000088,0.6825387891591227,0.8504122554377713,11,3110,1030507.0,1.9751442736439442,1.1872796594297759,3.16242393307372
CP000238,0.3438911115163086,0.1949906127784562,11,575,186466.0,9.898855555436379,11.870260530069825,21.769116085506205
CP000394,0.5972313087697703,0.6617255537639177,11,2437,825396.0,3.5660458737381813,3.1377665993050607,6.703812473043242
CP000555,0.6945508263943289,0.9050714110750829,11,3819,1240812.0,2.907853889227377,0.48919578469582825,3.3970496739232052
CP000822,0.5478411775466502,0.6274189404093083,11,5003,1444993.0,4.579606960033716,5.203554619295733,9.78316157932945
CP001055,0.40789952221230347,0.38676383395196595,11,1529,494013.0,7.616398758737118,9.05846607275517,16.674864831492286
CP001230,0.37451973732639404,0.32200130620613254,11,1981,606786.0,8.990484289354072,9.34612861865633,18.3366129080104
CP001634,0.41609224033928344,0.4054539261634661,11,2118,674441.0,7.575903600166657,6.793181316082505,14.369084916249161
CP001721,0.46385384064529966,0.4104908092216221,11,1352,458495.0,3.7732145388717435,9.001406776518827,12.774621315390572
CP001819,0.7221255171194192,0.9373598972369847,11,3710,1274206.0,1.4768412642853668,0.472765000321769,1.9496062646071357
CP001998,0.5402058242073453,0.6087211446535926,11,3120,1120244.0,3.7354362085402824,4.939638150260122,8.675074358800405
CP002124,0.5493442926027962,0.6194065114072776,11,3600,1099830.0,4.6167134920851405,5.813989434730822,10.430702926815963
CP002360,0.441378365153483,0.44406638763496464,11,2870,933947.0,9.027385922327499,7.092479551837523,16.11986547416502
CP002526,0.4501119735015109,0.42482743811413554,11,4233,1457190.0,6.591178912839094,8.682944571401121,15.274123484240217
CP002691,0.4808360789263401,0.5339672961506201,11,6451,2462431.0,4.7477878567967995,4.673795935804901,9.421583792601702
CP003075,0.6198739714687391,0.7534650173089762,11,3878,1167725.0,2.7486779849707768,1.5929264167505193,4.341604401721296
CP003360,0.5074634881237468,0.5462788734399951,11,5447,1775153.0,4.9197449459286045,3.6699935160518558,8.58973846198046
CP003646,0.4449375377997445,0.37114764812591367,11,4685,1498026.0,6.174592430304948,6.733795007563287,12.908387437868234
CP004372,0.6611203560568516,0.8288943086698151,11,3448,1014969.0,3.2551733107119527,1.0572736704273726,4.312446981139326
CP007155,0.7120551806746056,0.9233770984919312,11,8820,2960940.0,2.219396542989726,0.6279424777266679,2.847339020716394
CP009415,0.31704585017331943,0.20615980880693566,11,1814,572546.0,9.758342561121726,13.492714995825663,23.251057556947387
FN667741,0.4641427767152045,0.45169949381378766,11,4320,1207237.0,5.327537177869797,7.598590831791935,12.926128009661731
HE804045,0.7263853641617779,0.9408041217018347,11,8427,2789026.0,2.1053227901066536,0.3864431525557668,2.4917659426624206
AE005673,0.678038025652414,0.8692442861836319,11,3737,1209061.0,3.1903270389169776,1.2287221240284816,4.419049162945459
AE016827,0.4351266899103973,0.41831081032016326,11,2384,690939.0,6.635607484886509,7.174873614023813,13.810481098910323
AL646052,0.6774272642876211,0.8796935820097035,11,3439,1087579.0,2.7971301395117045,0.7486352715526873,3.5457654110643917
AP007255,0.6624353184422425,0.851320589847696,11,4548,1441936.0,2.985638752344071,1.0189772639007557,4.004616016244826
AP011540,0.6109642039036852,0.711471497216401,11,1992,757848.0,3.1716122494220476,4.598415513401104,7.770027762823151
AP012319,0.7138818869987676,0.9182175726053321,11,8125,2641747.0,2.5146995529852023,0.7142243371526493,3.228923890137852
AP014815,0.33526082463185586,0.20884403780934985,11,3502,1092439.0,8.8469928298056,11.451806462420327,20.298799292225926
CP000089,0.5998441732787307,0.7242273507098677,11,4171,1371609.0,3.2973682733198744,2.513835940125794,5.811204213445668
CP000245,0.7048791134712341,0.9310948619265127,11,3881,1250029.0,2.538341110486237,0.3651115294125176,2.9034526398987546
CP000411,0.38960178336342727,0.34312644737220965,11,1691,487917.0,5.9946671257611435,8.503085565782705,14.497752691543848
CP000568,0.4041951328526935,0.39760113351366505,11,3173,1059005.0,7.452750459157417,7.953786809316292,15.40653726847371
CP000828,0.4848538908123442,0.4750221280254066,11,6254,1816176.0,5.452885623419757,6.302693131062187,11.755578754481943
CP001071,0.5686910967164316,0.6786201284562758,11,2138,771427.0,3.930378376696693,3.013376508729925,6.943754885426618
CP001275,0.6366301565403677,0.7363321207937414,11,1919,598738.0,2.3414247968226505,1.465415590792634,3.8068403876152845
CP001635,0.6828569027637078,0.8951676007436881,11,5241,1721552.0,2.5732594774947257,0.3769854178090467,2.9502448953037725
CP001727,0.6303844107054288,0.7900386592675611,11,2888,884436.0,2.845203044652185,1.3802016200154674,4.225404664667653
CP001820,0.39761775928752024,0.30299893730765104,11,1844,617262.0,7.262394250739557,10.495057204234183,17.75745145497374
CP002000,0.7193665741187514,0.9344195038609822,11,9226,3034104.0,2.1600116541819268,0.34896628460988816,2.5089779387918147
CP002130,0.3656548483453169,0.29556772908366535,11,1210,282330.0,9.290900719016754,10.625509155952255,19.91640987496901
CP002361,0.7066135218752787,0.9316073757278028,11,2229,710010.0,2.285319925071478,0.3636568499035225,2.6489767749750004
CP002528,0.37963794216160285,0.286684976898536,11,2978,1016983.0,8.33858579740271,10.355925320285591,18.6945111176883
CP002728,0.3838381652688696,0.3216007314360434,11,2524,785641.0,9.443499002725163,9.00602183440019,18.449520837125355
CP003096,0.47505947662801734,0.5052724476159257,11,1848,596733.0,8.132783003453806,5.1570803022457286,13.289863305699534
CP003364,0.633936662875168,0.7803793332980978,11,7136,2618138.0,2.7762478524814203,1.8612846228884803,4.6375324753699
CP003653,0.37114859580208936,0.23714601969951962,11,4328,1375732.0,7.952130211407454,9.262777924770232,17.214908136177684
CP004388,0.5562731889212039,0.6135255739314218,11,4154,1342685.0,3.491958277630271,4.619996499551273,8.111954777181543
CP007161,0.38136720730863954,0.30776393039367356,11,3789,1044499.0,7.676694759880095,9.031028272884894,16.70772303276499
CP009416,0.43218294499414833,0.3949600695991342,11,3697,1002560.0,6.3670004787743375,9.191170603255665,15.558171082030002
FO082060,0.4967819697732388,0.546258686464154,11,3982,1267442.0,5.071711368251959,4.595792154591689,9.66750352284365
HE956757,0.6388732703534007,0.7796580031681417,11,3666,1111571.0,2.6174666305616103,1.643979556861415,4.261446187423026
AE005674,0.5213452028340662,0.5606161157995259,11,4181,1226224.0,4.816085804877413,6.03731455264291,10.853400357520323
AE016828,0.4338233349651671,0.4085489702632693,11,1815,516801.0,6.366473749083303,6.984119612771647,13.35059336185495
AL954747,0.5166187334207423,0.542907615134734,11,2462,800071.0,4.117134604303868,4.707582202079565,8.824716806383433
AP008230,0.4858153434706323,0.5251128861165311,11,5058,1613316.0,5.356731105375513,5.939815882319397,11.29654698769491
AP011615,0.44676969863431587,0.4082583765044114,11,6624,1831341.0,6.554541180479223,8.338152206497861,14.892693386977085
AP012320,0.7159454331144924,0.9342929623557387,11,4693,1558210.0,2.3919112314771436,0.26594618183685126,2.657857413313995
BA000012,0.63586764081016,0.7979748586812354,11,6752,2033376.0,2.9316270084824447,1.3477586044096124,4.2793856128920575
CP000103,0.5494863817646178,0.6150868153937772,11,2757,904498.0,4.158992059683935,3.285247728574303,7.444239788258238
CP000248,0.6565973608528036,0.8153539654807236,11,3324,1084517.0,2.6611846563954273,1.0108647443977365,3.672049400793164
CP000414,0.38403140181675266,0.2999844281358469,11,1970,599201.0,7.078926770816471,10.401184243684506,17.480111014500977
CP000569,0.4243856212053675,0.3847400776548064,11,2012,652841.0,6.892336725175042,7.772336602633719,14.664673327808762
CP000830,0.6646414737119225,0.8468803019515152,11,3584,1137011.0,3.31148951065557,0.9435264918281354,4.255016002483705
CP001080,0.32084590074033453,0.22511543671088,11,1721,525168.0,10.55871644883161,9.63501203424428,20.19372848307589
CP001277,0.41066721736633766,0.3682013705328354,11,2100,566552.0,6.779960180177636,7.96061085301967,14.740571033197307
CP001643,0.7220763160005447,0.943159009239046,11,3068,1072226.0,2.0213089404659095,0.4147446527131407,2.43605359317905
CP001734,0.5816795597958526,0.6915024867232167,11,2475,808958.0,2.6315334047008623,2.780737689719367,5.4122710944202295
CP001821,0.7285480049937755,0.9415833115435581,11,3337,1131542.0,1.689287715347729,0.4801412585657448,2.169428973913474
CP002005,0.4304119341200733,0.3802878719664846,11,1886,532747.0,5.162675716615955,9.539049492535856,14.701725209151812
CP002131,0.47934553586235173,0.5376079500214369,11,2194,655274.0,8.197944676578043,4.889252434859311,13.087197111437353
CP002364,0.5976309946150381,0.7469391561529956,11,3279,1129194.0,2.9949680922852937,2.1599477149187827,5.154915807204076
CP002541,0.49501392882148765,0.5618704476993449,11,3017,1006905.0,4.443517511582523,4.853188731806873,9.296706243389396
CP002734,0.6675610919692553,0.8498604718433882,11,2938,943250.0,2.9742910151073416,1.0923933209647496,4.0666843360720915
CP003108,0.43800199371213866,0.41688837357290603,11,5232,1630125.0,6.605996472663139,7.591135649106664,14.197132121769803
CP003380,0.48260942850984034,0.46940793846101314,11,2635,822668.0,4.871831650191814,7.427297524639344,12.299129174831158
CP003732,0.5494251863996564,0.6428426284091465,11,2824,819744.0,4.821383261115666,4.007714603583558,8.829097864699223
CP004393,0.665997308057792,0.849855823163157,11,4389,1332619.0,2.973843236513962,0.817487969179488,3.7913312056934503
CP007202,0.3440963638938524,0.2578528306091205,11,2761,972093.0,8.668820781550737,10.066629427431327,18.735450208982062
CP009450,0.6090669502575469,0.7613473229115841,11,4842,1566576.0,3.9860179142282277,3.7477275280611986,7.733745442289426
FO117623,0.7317109894425325,0.934907287106583,11,4821,1463356.0,1.8581261155863646,0.4533414972159885,2.3114676128023532
HE983995,0.37748657574574024,0.29757925210325964,11,826,250914.0,8.313605458443929,8.756785193333174,17.070390651777103
AE006468,0.5345178235557759,0.5949243613882214,11,4449,1399702.0,4.661992338369167,5.8008776153781305,10.462869953747298
AE016830,0.38181540490517335,0.3033486182061028,11,3113,921014.0,7.849174931108539,8.29835377095245,16.14752870206099
AM167904,0.6221962042039854,0.7463711556916328,11,3380,1097530.0,3.1467932539429446,2.401118876021612,5.547912129964557
AP008231,0.5623362586197534,0.6027625318058848,11,2525,785792.0,3.97929732041049,4.16726054732041,8.1465578677309
AP012027,0.368108461511992,0.2743217696502275,11,1697,532785.0,6.770836266036019,10.500671002374316,17.271507268410335
AP012332,0.4217961767143326,0.33627648628526974,11,1276,479448.0,5.8621581485374845,9.494251722814571,15.356409871352055
BA000019,0.42519180174957283,0.35322092842228653,11,5368,1752504.0,7.314505416250119,7.9424640400250155,15.256969456275135
CP000107,0.3104652294000956,0.18788239374107152,11,925,315228.0,10.136155417665943,13.036912964584364,23.173068382250307
CP000249,0.7065436814200738,0.8664099336337266,11,4499,1534493.0,2.094698379204076,1.0496626573076582,3.144361036511734
CP000422,0.3800056053811659,0.29281181752570556,11,1755,535200.0,7.349962630792228,11.430119581464874,18.7800822122571
CP000612,0.43342605753842445,0.40593571832724135,11,3274,998301.0,6.918254113739243,7.938387320056776,14.85664143379602
CP000859,0.5734197323716023,0.7020574961553065,11,3265,1156803.0,3.7540531966116966,3.438960652764559,7.193013849376255
CP001085,0.295509165653558,0.2113456206165389,11,542,153817.0,9.518453746985054,8.754558988928402,18.273012735913454
CP001279,0.33638882310697293,0.2702757000679978,11,1729,519393.0,8.81509762357213,10.864990479270995,19.680088102843126
CP001650,0.371833934726411,0.31111969513508697,11,4653,1485440.0,7.702970163722533,9.919754416199913,17.622724579922448
CP001736,0.7097298516660552,0.9214023644154935,11,6943,2259339.0,2.6004065790923803,0.5074935633829186,3.107900142475299
CP001823,0.6843461176812348,0.8736912600711627,11,2434,784866.0,2.5699928395420364,1.275249533041309,3.8452423725833453
CP002006,0.4902615553699334,0.5654945860591022,11,2763,1066683.0,5.795255010157657,6.133406082219366,11.928661092377023
CP002156,0.6107047799781052,0.7123790099557522,11,2687,870527.0,3.096400226529447,2.966938417763033,6.06333864429248
CP002371,0.36655626054259555,0.2605999844841888,11,1192,336334.0,7.060243686335607,9.575303121302039,16.635546807637645
CP002542,0.37032074734826975,0.30261239030937925,11,4033,1391230.0,6.988132803346679,7.584080274289658,14.572213077636338
CP002738,0.5211767380641149,0.596384624487059,11,4494,1474936.0,4.905026387585631,4.02681879078143,8.93184517836706
CP003147,0.5346890366036039,0.5757455176372801,11,5069,1560666.0,3.9394079194395215,5.512582448775074,9.451990368214595
CP003389,0.7025445458142926,0.9213697750999668,11,8032,3074550.0,2.212649005545527,0.7477191784163536,2.9603681839618807
CP003740,0.5542419838137135,0.6061826001955034,11,4435,1283185.0,4.114683385482218,4.663006503349089,8.777689888831306
CP004885,0.5963702436640625,0.6997073823813043,11,2626,907903.0,2.7786007976623055,1.9602314344153506,4.738832232077656
CP007215,0.5503256327211973,0.627285903591577,11,4473,1420926.0,4.457726862623388,5.098013548911062,9.555740411534451
CP009451,0.5642535544542365,0.6631832155762903,11,4318,1394893.0,4.610246090560351,5.024686481328676,9.634932571889026
FO203431,0.7434913433548107,0.9585586271144422,11,5446,1687509.0,1.7718424020257078,0.364323982864684,2.136166384890392
HF680312,0.4710783808807935,0.4458998222975956,11,3662,1174721.0,5.985250965974048,7.739369603505853,13.724620569479901
AE006470,0.5775454801488229,0.7261771559542367,11,2250,629652.0,3.350104502169452,2.3684511444416914,5.718555646611144
AE016877,0.359804078273155,0.25650138636316494,11,5234,1451464.0,8.494251321424438,9.043007611625228,17.537258933049664
AM180252,0.34807466529859216,0.18279258687564315,11,1180,405436.0,7.213715604929015,10.473909568957863,17.68762517388688
AP008232,0.5632457117587529,0.6532110561483255,11,2432,705534.0,4.313895574132501,4.537981160369309,8.851876734501811
AP012029,0.5447605024741461,0.6021915673787148,11,3164,1083943.0,4.180847147866632,3.4252723621076018,7.606119509974233
AP012333,0.5934968279218541,0.7499527287880763,11,1548,546277.0,3.325236098169976,2.661836394356709,5.987072492526686
BA000021,0.23699869094371057,0.11592501778067353,11,611,201672.0,12.465786028799236,11.778531476853503,24.24431750565274
CP000109,0.44067562947359135,0.42363918957039265,11,2196,725368.0,6.079810523761732,7.707673897938701,13.787484421700434
CP000251,0.7494502408656927,0.972343823751456,11,4346,1517028.0,1.75711984221781,0.134605294035443,1.8917251362532532
CP000448,0.4577264142807687,0.4662108717760231,11,2504,807837.0,6.929120602299722,7.373393394954676,14.302513997254398
CP000653,0.542307393791934,0.6115496806844931,11,4115,1318489.0,4.6098981485624835,5.327841187905246,9.937739336467729
CP000860,0.6218064109587942,0.7704242493793904,11,2152,664404.0,3.908314820500779,2.21822866809953,6.126543488600309
CP001087,0.49783380163404967,0.5542048631097473,11,4839,1625736.0,4.292947932505647,5.715503624204668,10.008451556710316
CP001280,0.6383583640081129,0.7780775111631941,11,3817,1218971.0,2.781444349373365,1.6928212402099805,4.474265589583346
CP001654,0.5631294685348739,0.6588620231876248,11,3970,1325192.0,4.334843554745275,3.992704453392414,8.327548008137688
CP001737,0.713417090621905,0.9166510852392706,11,5239,1754116.0,2.4246971123916548,0.5400441019864137,2.9647412143780687
CP001825,0.48295352193682106,0.4768369459447104,11,1856,614340.0,8.02682553634795,6.751147573005176,14.777973109353125
CP002017,0.5967262122832984,0.7044652571529391,11,3150,955346.0,3.4559206821402926,2.1236285073680112,5.579549189508303
CP002157,0.37587052546630967,0.32302690904223785,11,3411,1168930.0,7.293079996235874,10.009239218772723,17.3023192150086
CP002382,0.5554630857083445,0.6399722669601836,11,2432,743786.0,4.181579110120384,4.371553108017628,8.553132218138012
CP002543,0.34810932109723014,0.23923890081183352,11,1506,477712.0,9.01358977794152,9.648072478815688,18.661662256757207
CP002745,0.6102461132966255,0.7606240846970211,11,4428,1526465.0,3.764514744851667,1.792966101417327,5.557480846268994
CP003153,0.661364121252239,0.8573029464716989,11,3443,1142093.0,2.5395480052850337,0.9761026466321044,3.515650651917138
CP003418,0.3436769215896643,0.24977004736444391,11,3195,1124078.0,7.068192776657847,10.875401884922576,17.943594661580423
CP003745,0.4167969354643031,0.34731841473189745,11,2250,717107.0,6.696071855385599,8.749740275858414,15.445812131244013
CP005287,0.6403267760347976,0.7937841854166695,11,2242,737753.0,2.034420734310806,2.352142248150804,4.38656298246161
CP007444,0.6474132886743456,0.8164620160620829,11,4665,1548923.0,2.7991707786636266,1.1771405034336762,3.976311282097303
CP009621,0.4844620561861646,0.5249718887485854,11,4116,1378121.0,6.64324830693386,6.536218517822455,13.179466824756316
FO203503,0.4233254857745505,0.4170737200457388,11,4356,1500679.0,5.504974748097362,7.765818006382444,13.270792754479805
HF951689,0.5525654522655463,0.5955878294194648,11,2807,1017319.0,4.230138235892577,3.6970704370998675,7.927208672992444
AE006914,0.3292647947081587,0.23279911537043863,11,1374,340499.0,9.968898587073678,12.869053947295,22.83795253436868
AE017126,0.3712132353889779,0.24717892144485834,11,1882,516756.0,8.510786522072312,10.170564057311381,18.681350579383693
AM180355,0.3012983633145095,0.17437980124845315,11,3795,1170679.0,12.060607561936278,12.303970601676463,24.36457816361274
AP008955,0.4798820093208698,0.5075428432177529,11,5949,1827941.0,5.463141315830216,4.735109065336354,10.19825038116657
AP012032,0.5498665895764072,0.617696773834591,11,3788,1279885.0,4.502904557831367,5.468694453017263,9.97159901084863
AP012334,0.4948709318380882,0.4928747720329768,11,1445,522902.0,4.659764162309572,6.557825366894753,11.217589529204325
BA000028,0.36184658628074096,0.25500924738680075,11,3496,1018918.0,8.624540934599251,9.19602951366057,17.82057044825982
CP000113,0.6922761162349278,0.8875367747315932,11,7328,2779612.0,2.193219773119414,1.023632075268059,3.2168518483874724
CP000252,0.5258412995307958,0.6033352989538137,11,3168,940955.0,4.381718573151745,3.8503435339628354,8.23206210711458
CP000449,0.6317199841727881,0.7572212003881862,11,3063,1006705.0,2.965317545855042,2.6838050868923866,5.649122632747428
CP000655,0.45372562383126247,0.4058024702512717,11,2077,666139.0,6.176788928436858,8.146347834310857,14.323136762747716
CP000875,0.5132796127139878,0.5190288050445732,11,4976,1854409.0,4.335451348650702,5.858739900421105,10.194191249071807
CP001098,0.38972578002026864,0.34522975841230785,11,2342,742032.0,8.076875390818724,11.624161761217843,19.70103715203657
CP001281,0.6887876546210893,0.8985695033555835,11,3903,1332882.0,2.4265463859516445,0.5129486331123085,2.939495019063953
CP001672,0.4654285856263162,0.45189985482946765,11,2338,758001.0,6.845241628968827,8.542864719175832,15.388106348144658
CP001738,0.723458468027001,0.9344376141855092,11,4890,1568683.0,2.242773077798382,0.5995475185235002,2.8423205963218825
CP001842,0.331376821145839,0.1936647196231395,11,1200,386913.0,9.458973981230923,11.029352851933123,20.488326833164045
CP002018,0.6231281271269495,0.742854654509103,11,2595,794859.0,3.743808650339243,2.5886352170636555,6.332443867402898
CP002159,0.5359470326504056,0.6020234186312156,11,2894,951882.0,4.48826640276841,4.759413456709971,9.247679859478382
CP002390,0.3651421736115088,0.3144017508889438,11,1641,523890.0,7.679665578652007,7.454809215675047,15.134474794327055
CP002544,0.4443365869751039,0.4672921421080626,11,3497,1265044.0,6.223894188660632,5.511270754218826,11.735164942879457
CP002776,0.4760351537268639,0.45749922440796476,11,1665,601207.0,6.087088141022976,8.054796434505919,14.141884575528895
CP003154,0.6344688573401801,0.7757974414502536,11,4330,1423337.0,2.9491961496117924,1.4234155368686403,4.3726116864804325
CP003470,0.6794264954825229,0.8788600204012132,11,3824,1257671.0,2.778787139084864,0.6171725355836304,3.3959596746684944
CP003746,0.5649029613550763,0.6565596683868531,11,3819,1295927.0,4.045752577112754,3.844583838441517,7.8903364155542715
CP005957,0.48994111229412307,0.4855576145663657,11,1034,304308.0,4.63970713881988,6.81217713632241,11.451884275142291
CP007445,0.3504506660469098,0.23096536639137535,11,2803,869158.0,7.530966751729835,12.130130540131944,19.66109729186178
CP009706,0.5038884398654375,0.5276737321076179,11,4063,1291692.0,5.394552261684675,6.772667168334247,12.167219430018921
FO538765,0.6022496842710559,0.7314003917586209,11,3738,1208051.0,3.3323924238297886,2.331606860968618,5.663999284798407
HG315671,0.34354652666474106,0.24288448758654768,11,3570,1235983.0,8.967437254395893,10.119475753307286,19.086913007703178
