acc,gc,gc3,osc_1_z,osc_1_pval,osc_2_z,osc_2_pval,osc_both_z,osc_both_pval
AE000511,0.39662726626981054,0.4191618724517428,39.8939098191,0.0,3.21430329277,0.0013076147466,29.3870603505,8.03662508784e-190
AE000783,0.28987516776353023,0.20380897546101823,12.1789395532,4.02480893222e-34,-27.5843496642,1.71461310505e-167,-16.0554917354,5.23225985652e-58
AE003852,0.4840383791917741,0.49085328827676306,-6.86254496268,6.76444371005e-12,10.4198478172,2.0127499625e-25,4.89641998989,9.75983591699e-07
AE005673,0.678038025652414,0.8692442861836319,8.73355713407,2.4678597137e-18,-37.3043653749,1.39432614697e-304,-24.7692419723,1.92378818827e-135
AE008691,0.3787847063886088,0.33525022973114044,30.7774886489,5.2444363784e-208,-77.950208714,0.0,-32.8311288386,2.1180110608e-236
AE010300,0.36748796979684045,0.29724131700779616,54.7717560435,0.0,-139.991884615,0.0,-88.9043293071,0.0
AE015924,0.4946300756189419,0.5473122169687745,-10.387689239,2.82104883053e-25,-99.5228075474,0.0,-84.5852653827,0.0
AE016828,0.4338233349651671,0.4085489702632693,-0.28953329387,0.772173305542,-16.8079041565,2.13590451233e-63,-14.4623561386,2.09501589403e-47
AE017196,0.3553269386385616,0.2765363875395517,0.295949431448,0.76726870015,-8.52940815974,1.47098323499e-17,-7.16664030627,7.68606235196e-13
AE017283,0.603762649144179,0.695160093857194,-38.0552376097,0.0,6.52013778914,7.02428343935e-11,-17.1148150546,1.15080623539e-65
AJ965256,0.47966988920720394,0.48690922027412276,-17.4058298517,7.45182842535e-68,-9.03569852482,1.62958294927e-19,-20.9317861174,2.74996797767e-97
AM167904,0.6221962042039854,0.7463711556916328,-54.9329111342,0.0,-46.3887926946,0.0,-71.6673282509,0.0
AM398681,0.33321696917251153,0.24412027242285708,29.3954057214,6.2867560263e-190,-102.738548253,0.0,-61.2156680514,0.0
AM746676,0.7169134784704737,0.9184608346914314,38.3164475568,0.0,-102.373267886,0.0,-42.7256448052,0.0
AP006628,0.2915119911863246,0.19930445779323427,17.6695326203,7.19908628902e-70,-24.7364335353,4.33932726072e-135,-11.6063579895,3.82565645951e-31
AP008232,0.5632457117587529,0.6532110561483255,-45.8842027863,0.0,-0.671105121456,0.50215356458,-33.1636731119,3.59752695826e-241
AP009178,0.3987444009332109,0.3746996927724637,2.84117322484,0.00449478900628,-90.947978646,0.0,-67.1200789834,0.0
AP009552,0.43009831267348486,0.3892007933373903,19.2608782598,1.1442128962e-82,-42.250396473,0.0,-21.237673083,4.28601489088e-100
AP011121,0.5388700835281605,0.5329877392139974,-36.1536477511,3.26050123513e-286,-29.6523572399,3.16233579173e-193,-48.5460900568,0.0
AP012032,0.5498665895764072,0.617696773834591,-41.1859167086,0.0,20.9767363425,1.06988911249e-97,-12.3227063285,6.83609894285e-35
AP012051,0.35579593141263244,0.27256713086353945,20.1568295245,2.34430580536e-90,-49.1540018247,0.0,-25.5879513219,2.07755660598e-144
AP012204,0.6775278324405882,0.8442931868088239,-3.87632593445,0.000106045610624,-61.09361639,0.0,-49.6359120486,0.0
AP012292,0.5184510223370487,0.6068031213819606,-41.9476042619,0.0,-49.7357360772,0.0,-64.9919918485,0.0
AP012337,0.6009152996065423,0.706536052781406,-10.1145809708,4.76049709708e-24,-72.8985133548,0.0,-65.4733902102,0.0
AP013044,0.48211756458069016,0.5448320235810405,-0.291685704379,0.770526940404,-77.581960208,0.0,-64.2461796865,0.0
AP014568,0.6666586181144106,0.8415067066572002,-62.6671892863,0.0,-58.6490079571,0.0,-91.6506198396,0.0
AP014815,0.33526082463185586,0.20884403780934985,12.6969625198,6.14695030807e-37,-21.7708122959,4.38785449468e-105,-10.0397635544,1.01918161592e-23
BA000043,0.5306091002789196,0.6186783955595854,9.30918701533,1.28814529754e-20,-31.8950216335,3.13005742218e-223,-18.9088805951,9.63810169696e-80
BX842601,0.5111643022920589,0.5837625261076778,26.2403075062,9.22142891623e-152,-63.162574598,0.0,-40.6618714884,0.0
CP000031,0.6488704425682323,0.8104789407016101,-3.17666375234,0.00148979656638,-71.377585943,0.0,-59.4500221363,0.0
CP000103,0.5494863817646178,0.6150868153937772,-30.3811475569,9.74755350819e-203,-84.1281627624,0.0,-85.3033140198,0.0
CP000117,0.4262251321239368,0.3534505888133022,9.73564722305,2.12460840448e-22,-9.59332818328,8.52885116089e-22,-0.496359061013,0.619641103511
CP000153,0.348390145096664,0.25654210373068037,35.9992626918,8.5904341087e-284,-43.6316639243,0.0,-11.877733885,1.54499122347e-32
CP000230,0.6622089736850888,0.8195482292321247,0.671656030381,0.501802699344,-58.3900204442,0.0,-46.2921497333,0.0
CP000249,0.7065436814200738,0.8664099336337266,-25.6271450055,7.60341530862e-145,-27.0969519367,1.06953920446e-161,-39.6079675356,0.0
CP000270,0.6347388300822911,0.7866642380886134,2.11876885261,0.0341100062654,-93.0897014632,0.0,-75.0925918237,0.0
CP000356,0.659866061844522,0.8159787272014843,17.6099636839,2.06577543198e-69,-79.3589325957,0.0,-57.1430139727,0.0
CP000390,0.6166465256413678,0.739364797965004,4.79848905705,1.59867040689e-06,-88.4883332934,0.0,-64.9376516977,0.0
CP000448,0.4577264142807687,0.4662108717760231,-26.3705372796,2.98449160749e-153,-18.685241044,6.52833237247e-78,-34.2840737636,1.3555275773e-257
CP000473,0.6252864167585569,0.7754134680132427,-9.72547584663,2.3480495733e-22,-127.080818134,0.0,-107.177178875,0.0
CP000509,0.7199183002646028,0.9396428265825749,6.61944427906,3.60551714936e-11,-20.7578270799,1.04171571445e-95,-7.56186884861,3.97318894664e-14
CP000544,0.6838918750219568,0.8631308022374988,-28.0939554203,1.1611915882e-173,-22.4933792084,4.81866610558e-112,-34.1509763705,1.29326116598e-255
CP000655,0.45372562383126247,0.4058024702512717,4.32863252406,1.50038038977e-05,9.64757690892,5.03309054646e-22,10.870409805,1.59482880192e-27
CP000724,0.3750533323999396,0.31351658703293744,2.29941421735,0.0214814293825,-6.16870215024,6.88527846109e-10,-3.74884614776,0.000177650019788
CP000774,0.6284782597567031,0.7680487765216774,23.8137481435,2.40614580472e-125,-110.069999383,0.0,-69.7058321046,0.0
CP000822,0.5478411775466502,0.6274189404093083,-35.4686363026,1.49718472324e-275,18.8075605073,6.5482548572e-79,-8.38361277737,5.13274524443e-17
CP000879,0.3425629417677404,0.2842026371876244,28.6842656808,5.99545214574e-181,-60.9002096631,0.0,-37.6733325063,1.35790161658e-310
CP000910,0.5673255974465375,0.6067054970060769,5.48770370963,4.07192308174e-08,-18.0484620459,8.11181947342e-73,-10.797398419,3.54094522972e-27
CP001013,0.6940778574023785,0.9087666522559267,-43.5214294683,0.0,-66.4934276658,0.0,-77.1113520799,0.0
CP001071,0.5686910967164316,0.6786201284562758,-17.8072537898,6.20820299263e-71,-51.4360160315,0.0,-54.0536808101,0.0
CP001100,0.46234782902032884,0.48731147464726493,22.363453407,8.93264136757e-111,-69.3904654979,0.0,-50.5266679282,0.0
CP001130,0.35033857054899187,0.2869081233267965,14.1927211469,1.01637009744e-45,-91.83858533,0.0,-62.8013664425,0.0
CP001154,0.633751158120906,0.7767714501536805,-59.36525619,0.0,-39.2356061412,0.0,-69.1782562898,0.0
CP001277,0.41066721736633766,0.3682013705328354,-2.77937122811,0.00544642429955,-26.6857341264,6.89183135157e-157,-23.6835758394,5.32451255219e-124
CP001341,0.6689329909324039,0.8349624409789558,-40.0367102295,0.0,-4.26571370681,1.99264170669e-05,-33.1424387268,7.27810660099e-241
CP001614,0.5179313110288861,0.556005215699012,-48.2110236357,0.0,-57.0228126435,0.0,-83.1401076726,0.0
CP001630,0.7414049890260729,0.9647553671768753,-55.8556548163,0.0,-14.5212369826,8.88915301978e-48,-55.7166997039,0.0
CP001650,0.371833934726411,0.31111969513508697,14.7268576534,4.33394536206e-49,-59.3200658983,0.0,-43.5871704438,0.0
CP001681,0.4285353544855289,0.42546860753922094,-31.2144913921,6.77524785651e-214,-58.8497898836,0.0,-70.4402932421,0.0
CP001698,0.6244544159101809,0.8090438307496474,-6.32594888987,2.5168111735e-10,-61.6430957661,0.0,-47.8333031515,0.0
CP001712,0.5617904682568607,0.6983525444781286,-25.6764671405,2.14144049494e-145,-68.6807408083,0.0,-70.9363646999,0.0
CP001737,0.713417090621905,0.9166510852392706,-44.1650954741,0.0,-35.9370982731,8.05047313821e-283,-55.1182018873,0.0
CP001769,0.514178416818371,0.576869717782485,-41.1880825945,0.0,-58.0188488921,0.0,-75.7428169859,0.0
CP001802,0.6752621956231492,0.8431037767698072,-24.3783636167,2.9013550724e-131,-58.1451258582,0.0,-58.6759136626,0.0
CP001818,0.6448756417479209,0.8578104600057043,-11.9147384448,9.91769176502e-33,-9.09249670884,9.67903921767e-20,-15.6892671293,1.79111498615e-55
CP001842,0.331376821145839,0.1936647196231395,14.5450053637,6.28259227887e-48,-13.3182389815,1.81334410597e-40,1.03812665835,0.299211091847
CP001874,0.7260230575336428,0.9540019169825659,-17.1871745182,3.31288800262e-66,11.0226349036,2.97228960049e-28,-10.1859351235,2.29146075205e-24
CP001964,0.7443180484377416,0.9530341054217772,-23.2413373139,1.74051205917e-119,-8.84567490461,9.09767617027e-19,-23.8484773421,1.05015581726e-125
CP001998,0.5402058242073453,0.6087211446535926,-6.11816498463,9.46590368664e-10,-32.3630862034,9.08055004858e-230,-31.7824287204,1.13227104875e-221
CP002021,0.6457878438149762,0.7999513502779985,-70.1522361408,0.0,-78.0045107364,0.0,-103.691249532,0.0
CP002046,0.344094034505972,0.23191173186087088,12.0793134389,1.35849283312e-33,-29.7167474775,4.66615964638e-194,-17.118782845,1.07499568614e-65
CP002085,0.6633138995952846,0.8638433527947103,-70.6700369967,0.0,-71.5067334824,0.0,-106.320130521,0.0
CP002130,0.3656548483453169,0.29556772908366535,5.98504369616,2.16331776561e-09,0.704673538208,0.481013422633,4.93982573954,7.8192418458e-07
CP002171,0.3465011453110498,0.2766663792360093,2.49382300869,0.0126375542085,-37.5414649001,1.9415168094e-308,-31.9592636209,4.01711962245e-224
CP002292,0.6319508720129303,0.7777586619724555,22.278733415,5.94143288696e-110,-81.53406287,0.0,-51.3849431683,0.0
CP002347,0.3608778935555552,0.323593167303139,-9.61111486736,7.17676552763e-22,-48.1999690734,0.0,-51.3568200049,0.0
CP002364,0.5976309946150381,0.7469391561529956,-46.236215006,0.0,-72.3532315967,0.0,-89.4078785365,0.0
CP002403,0.4541809768230922,0.4757016497512265,-28.3129407478,2.39483790166e-176,-37.1108142858,1.88027859292e-301,-51.0522242709,0.0
CP002453,0.3437020163671644,0.24435533286278283,27.6451721019,3.18986528123e-168,-33.7815612321,3.67941129276e-250,-10.5476490891,5.20839862364e-26
CP002511,0.3193868324571911,0.22731416279803376,12.4690880418,1.10078602132e-35,-35.2047102132,1.69379762738e-271,-21.3663660964,2.74699157326e-101
CP002542,0.37032074734826975,0.30261239030937925,43.5709894662,0.0,-116.663077544,0.0,-75.2338721077,0.0
CP002548,0.28562652897750646,0.20245298713160342,19.7288011156,1.2203008827e-86,-30.5437185142,6.8520938281e-205,-16.4992493044,3.71482043993e-61
CP002628,0.6100735903864921,0.7482529593895774,-11.4472713359,2.42664261139e-30,-51.3666947371,0.0,-46.6104627696,0.0
CP002683,0.4267406404137122,0.3800570222857741,33.3187772897,2.06453767724e-243,-20.7894806967,5.3890878255e-96,5.31669037381,1.05671656121e-07
CP002745,0.6102461132966255,0.7606240846970211,-47.4274278955,0.0,-70.470509349,0.0,-83.8929427446,0.0
CP002831,0.46571824310298143,0.48129163531405966,22.5435833647,1.55232690855e-112,-46.9486645477,0.0,-26.8274484705,1.54627283226e-158
CP002959,0.5388488605373853,0.6215790326043154,-9.9572756274,2.34397879392e-23,-53.824168576,0.0,-51.1648653602,0.0
CP003051,0.666063570674435,0.8427816303768003,7.36142100439,1.81962685706e-13,-65.1427458103,0.0,-45.0899559483,0.0
CP003154,0.6344688573401801,0.7757974414502536,-10.2604515071,1.06208968008e-24,-114.452966339,0.0,-98.9519289461,0.0
CP003236,0.6864618026106204,0.8516721135723055,13.8290378486,1.70282876936e-43,-75.7752464563,0.0,-47.5480257395,0.0
CP003283,0.38258462188721776,0.35173453869072857,26.8816780834,3.5970213953e-159,-68.1475758488,0.0,-40.1650381428,0.0
CP003360,0.5074634881237468,0.5462788734399951,5.22529049009,1.73881905981e-07,-135.012870709,0.0,-107.427831687,0.0
CP003488,0.4278039587643238,0.3717241172581588,-10.967876134,5.45384181552e-28,50.2164328942,0.0,34.485418634,1.32698300438e-260
CP003557,0.41967010043652975,0.4458353001972661,5.29221565819,1.20843268512e-07,-122.933396748,0.0,-106.599741846,0.0
CP003607,0.4831715769190014,0.47961187591993515,31.3129284172,3.11183396047e-215,-49.8611191225,0.0,-18.3242182524,5.30379945372e-75
CP003653,0.37114859580208936,0.23714601969951962,37.244388923,1.30606368147e-303,-60.1511744419,0.0,-29.7099218875,5.71661372444e-194
CP003837,0.41359856240451104,0.3573864055037145,-21.432988792,6.58166286565e-102,29.0793895265,6.54289394561e-186,9.04915678744,1.44076578884e-19
CP003940,0.3991095717349888,0.3427514963678667,-21.7490379538,7.05435329673e-105,-16.7510496465,5.56359143227e-63,-28.0044948438,1.43238777637e-172
CP003985,0.4611935777207518,0.44584133050367375,-2.8288215794,0.00467197372786,-42.8106336554,0.0,-38.3592299266,0.0
CP004393,0.665997308057792,0.849855823163157,40.3790664155,0.0,-81.5579603876,0.0,-36.2218833257,2.75464981108e-287
CP006745,0.4126795295100983,0.3121680649458725,-2.08733496351,0.0368578663901,7.02005100893,2.2178726043e-12,4.40106334774,1.07721666829e-05
CP007031,0.6861564797665152,0.8768576988031427,-18.8667981501,2.13870656445e-79,-67.0326158184,0.0,-59.0758669403,0.0
CP007128,0.7292568298758993,0.949360818339822,17.629681035,1.45787150079e-69,-51.826548732,0.0,-15.468866853,5.62891712507e-54
CP007215,0.5503256327211973,0.627285903591577,-34.6635640643,2.79053030592e-263,9.67376632797,3.8976395026e-22,-16.0260738372,8.40266866669e-58
CP007490,0.518740475445059,0.5203081466435935,20.4938569126,2.44255491024e-93,-15.7936704534,3.43969165088e-56,-0.800696210985,0.423307536629
CP008876,0.4369594039802094,0.4050267607543369,-1.22618527614,0.220128960804,-36.4760236366,2.6615673826e-291,-28.4905279764,1.53489678276e-178
CP009217,0.31657723607040483,0.19634432706696325,-14.6883552902,7.65493160101e-49,13.2459135426,4.76448765055e-40,1.00988533112,0.312550231335
CP009621,0.4844620561861646,0.5249718887485854,-12.5966838435,2.20209830358e-36,-16.388468625,2.31195875971e-60,-21.5218750997,9.71530087177e-103
CP010427,0.32617991853682204,0.2138155521510145,5.7175666394,1.08060302692e-08,18.5691095873,5.71426997401e-77,19.7881927739,3.76294528789e-87
CR522870,0.4774580535425782,0.4824238288758859,-7.81197464159,5.62988897186e-15,-19.9182286299,2.82820080166e-88,-21.3695799444,2.56429393102e-101
FM178379,0.4002548197146653,0.3115001291469553,2.68102639509,0.00733967263842,26.402471711,1.28349213669e-153,24.9088928756,5.95996183901e-137
FO538765,0.6022496842710559,0.7314003917586209,-47.5249122161,0.0,-75.0660379918,0.0,-92.7804782649,0.0
FP929041,0.3817016782973843,0.32901034472258595,-0.689983513346,0.490204555259,-36.2663369691,5.4929641271e-288,-31.8454284019,1.5228243841e-222
FP929061,0.37749580697040375,0.31646218727256326,5.95844929802,2.54642624297e-09,-64.3334475883,0.0,-50.3228419916,0.0
HE804045,0.7263853641617779,0.9408041217018347,-48.3750932339,0.0,-24.7050673071,9.43457118248e-135,-52.584636363,0.0
HG793133,0.28343267473662265,0.1622889161569286,7.55200079994,4.28621854533e-14,-3.83801494917,0.000124032932825,2.54584995599,0.0109012033871
AE000512,0.4646011006727097,0.5254215662609055,57.1909937055,0.0,-115.470024985,0.0,-52.2130750379,0.0
AE001273,0.4173422983328902,0.3431861039632746,27.0182159742,9.02984198563e-161,-36.441605216,9.34379625854e-291,-12.5408510241,4.46178120055e-36
AE004091,0.6725326583651025,0.878743299136474,-38.3307883145,0.0,-93.7154115594,0.0,-94.301591281,0.0
AE005674,0.5213452028340662,0.5606161157995259,-29.7568926059,1.41227368818e-194,11.4775825488,1.70994806757e-30,-8.9207965108,4.62946525432e-19
AE008692,0.4783040375928473,0.45033855618702695,-0.518496192771,0.604112115734,-26.0573915773,1.10936826975e-149,-22.3752521963,6.85690032624e-111
AE013218,0.26365609063986933,0.12412520317861658,8.17167825154,3.04128731571e-16,-19.0775462234,3.88054336508e-81,-11.3495787016,7.45208949919e-30
AE015928,0.4396745019498862,0.44934245071941037,6.53725992478,6.26561049154e-11,-92.8023345488,0.0,-72.9501468062,0.0
AE016830,0.38181540490517335,0.3033486182061028,35.9644171956,3.01269844935e-283,-27.7255422903,3.43697231283e-169,-2.24459471376,0.0247941624324
AE017198,0.3503963637347474,0.24117851599935544,29.0329781557,2.52420290795e-185,22.6529977919,1.30335038294e-113,36.3462308413,3.01381369203e-289
AE017285,0.6353530661438876,0.780466201985313,-66.7947652653,0.0,-37.5847584596,3.81394040539e-309,-70.2360505463,0.0
AL111168,0.30876430805863764,0.1911622793140543,40.3237671772,0.0,-64.9368581636,0.0,-29.9449655535,5.11674065139e-197
AM180252,0.34807466529859216,0.18279258687564315,-2.32330922995,0.0201625463377,-5.76788243188,8.02737723048e-09,-6.7301850302,1.69447469742e-11
AM406670,0.6833803000603231,0.8793984147517747,-40.1382179124,0.0,-69.9517953355,0.0,-78.625707351,0.0
AM747720,0.6746080524807326,0.8745464418156129,40.1832461708,0.0,-78.1962698083,0.0,-25.2268558996,2.03301113381e-140
AP006725,0.5886991020875549,0.7141023758744681,-37.8046628978,0.0,27.9774572357,3.05602593081e-172,-3.17169854043,0.00151550235618
AP008955,0.4798820093208698,0.5075428432177529,-0.948659117189,0.342794013391,-98.7034368951,0.0,-77.5387168776,0.0
AP009179,0.44808740322169555,0.48460705152413647,-16.986824825,1.02805811313e-64,-55.6491281103,0.0,-58.5378002042,0.0
AP010656,0.338522153290761,0.2396957596501236,12.1484865836,5.84373100459e-34,-38.720899652,0.0,-28.9820521312,1.10774800937e-184
AP011529,0.31135297184567257,0.21677080261431833,15.3282116996,4.95439372092e-53,-38.7259815296,0.0,-24.428350336,8.54954187618e-132
AP012035,0.6833400460913468,0.8560904510936724,21.3369868593,5.15090435676e-101,-62.5248419027,0.0,-34.6500950671,4.45226246237e-263
AP012052,0.7050663779581839,0.9038103148334098,15.0044059847,6.87032536242e-51,-55.0053932264,0.0,-28.9413334366,3.60749661537e-184
AP012205,0.48693833584866913,0.49725165012733646,-28.8878145384,1.69851043889e-183,-16.7083734643,1.13900147316e-62,-31.2541562444,1.96031227569e-214
AP012319,0.7138818869987676,0.9182175726053321,-1.34441719907,0.178813515228,-23.7169210747,2.41241619235e-124,-15.8283682061,1.98297388228e-56
AP012338,0.7331149115745128,0.9482978045031665,5.285894366,1.2509206729e-07,-43.4330673832,0.0,-23.4828122907,6.11215501119e-122
AP013063,0.6136395602590782,0.7811916239534215,-41.8255996845,0.0,-26.8733861053,4.49642070793e-159,-51.9599960266,0.0
AP014583,0.3269853942200925,0.21082646239335145,20.6877916962,4.46184811913e-95,-21.5427281281,6.19488551673e-103,-4.22144050108,2.42746033173e-05
BA000012,0.63586764081016,0.7979748586812354,-4.59883586547,4.24858336244e-06,-111.073319338,0.0,-85.2467330475,0.0
BA000045,0.6298453406067768,0.7702691441172144,-48.0477568447,0.0,-100.676345215,0.0,-113.382713199,0.0
BX908798,0.36170784888853913,0.26626445480506034,41.979121373,0.0,-49.2937407814,0.0,-13.3530156486,1.13749078932e-40
CP000061,0.2862611376005394,0.19426877241027188,14.9756733444,1.0588992011e-50,-28.9357667557,4.23887394615e-184,-14.8442928098,7.57494064428e-50
CP000107,0.3104652294000956,0.18788239374107152,-10.0195616977,1.25056293316e-23,5.88020597193,4.09756271454e-09,-3.59681324322,0.000322139595534
CP000127,0.513740468133309,0.5236941548247879,-13.2017225167,8.57515184104e-40,-6.10974483299,9.97905592966e-10,-14.2398852681,5.1812048922e-46
CP000154,0.4691894185237652,0.4721245257696696,-36.3451614147,3.13335625336e-289,-43.9451502005,0.0,-61.2635936567,0.0
CP000232,0.5706074878970236,0.6587165920861046,-21.9610779016,6.78699168054e-107,4.96869976096,6.74033394849e-07,-11.4597953126,2.10010529664e-30
CP000251,0.7494502408656927,0.972343823751456,-13.7026000944,9.7952793936e-43,-32.6297046532,1.55513497178e-233,-28.2121719085,4.14653081207e-175
CP000282,0.466309784507756,0.44841041347204935,-32.1219843569,2.17492169843e-226,-29.6933775689,9.34952875493e-194,-45.4993539279,0.0
CP000360,0.5898851927213626,0.7192985494437245,24.0255085517,1.50552814692e-127,-88.326278462,0.0,-52.8297815164,0.0
CP000393,0.36832029462704247,0.25470575318686717,20.7071614958,2.98537554572e-95,-33.7499033215,1.07256839604e-249,-16.1491556127,1.15126855854e-58
CP000449,0.6317199841727881,0.7572212003881862,6.39616741967,1.59325309014e-10,-30.3150934018,7.25160296677e-202,-20.876225379,8.80814740661e-97
CP000474,0.6287107979479573,0.7542904414417698,-16.4450053844,9.1076283227e-61,-22.8294185965,2.340484651e-115,-27.7188317063,4.14069830208e-169
CP000510,0.4142706652379176,0.36308280815040717,-26.0830775031,5.67321132605e-150,32.0335494181,3.72085872482e-225,10.7908657923,3.80190772418e-27
CP000555,0.6945508263943289,0.9050714110750829,-19.0991184964,2.56785895953e-81,-60.9409406127,0.0,-52.7283650837,0.0
CP000667,0.6991731004097996,0.8620988770834117,-43.1541199381,0.0,-8.08367475448,6.28437957398e-16,-37.1584816897,3.19827307758e-302
CP000747,0.7171859115179123,0.9431111524462162,16.6333724485,3.99463219377e-62,-47.0443597894,0.0,-12.8216527666,1.24028205309e-37
CP000781,0.680246048461197,0.8699390950337534,-37.9218773072,0.0,-67.4666062545,0.0,-73.838555542,0.0
CP000828,0.4848538908123442,0.4750221280254066,17.8909387234,1.38751107543e-71,-12.1885617322,3.5767828602e-34,2.45576897635,0.0140583501877
CP000884,0.6736117021943429,0.8609298904271139,-124.70991523,0.0,-73.0602994982,0.0,-137.762513293,0.0
CP000922,0.4211542356044093,0.38038805930667796,-4.50663504573,6.58637727896e-06,-41.8678987868,0.0,-39.6398642804,0.0
CP001016,0.5836579241973641,0.6658423132624758,14.3286815959,1.44844247741e-46,-82.4131291446,0.0,-63.3509941762,0.0
CP001080,0.32084590074033453,0.22511543671088,26.2903911195,2.46986887676e-152,-44.6347202878,0.0,-16.0739280836,3.88658076126e-58
CP001102,0.3617610342739194,0.26859971039460284,-2.19436184507,0.0282094066062,4.59260491592,4.37747313163e-06,2.39561893289,0.0165923303257
CP001132,0.5963099841222087,0.6919158522304844,-46.9034986478,0.0,-55.1099477843,0.0,-69.7590915216,0.0
CP001157,0.6660049589995833,0.8556093484337627,-39.0835890624,0.0,-94.3629898667,0.0,-95.5684334955,0.0
CP001279,0.33638882310697293,0.2702757000679978,1.30687401069,0.191255504014,-30.038408969,3.09401093978e-198,-26.5193997705,5.79110166933e-155
CP001357,0.28249120865197275,0.15724357874926412,-8.54243913595,1.31417922799e-17,-36.5232437464,4.74310410239e-292,-40.327251854,0.0
CP001616,0.49901291909450823,0.510229899801326,-27.8275713624,2.01273795937e-170,6.24364076368,4.27501222226e-10,-13.1856541769,1.06129360778e-39
CP001631,0.6848877432898204,0.8271970461677575,9.52556712276,1.64143199746e-21,-56.2224004236,0.0,-35.2295895523,7.04750381426e-272
CP001654,0.5631294685348739,0.6588620231876248,-55.6702379156,0.0,-22.4849646606,5.82469160909e-112,-59.5116655231,0.0
CP001682,0.5142792486021772,0.4951697027311734,-29.5032886905,2.61246008071e-191,-20.6882951865,4.41550673325e-95,-35.2857007221,9.73105144546e-273
CP001699,0.4629834067508879,0.48019834345186796,-60.8875450476,0.0,-38.4280990345,0.0,-71.1987032709,0.0
CP001715,0.6441597992335606,0.7976488819230162,-11.7808989057,4.89680460082e-32,-109.5521295,0.0,-90.1534506649,0.0
CP001738,0.723458468027001,0.9344376141855092,-75.2215983269,0.0,1.67771839336,0.0934020869659,-56.5057785959,0.0
CP001778,0.6878046177266195,0.8888702365334307,-83.6050693612,0.0,-38.6957870646,0.0,-90.776414749,0.0
CP001804,0.7001839891891123,0.8979464723936952,-110.05776066,0.0,-90.2767355474,0.0,-139.724405578,0.0
CP001819,0.7221255171194192,0.9373598972369847,-14.3838338206,6.53707021055e-47,-19.6578933592,4.94853111546e-86,-24.3488653183,5.95999577428e-131
CP001848,0.5800964137038104,0.6538050270559269,40.0909565892,0.0,-164.953724925,0.0,-112.607083681,0.0
CP001896,0.6503930626011356,0.8122566459369426,-26.3912041962,1.72881636258e-153,-80.3217986103,0.0,-76.6676468724,0.0
CP001965,0.5830305694876747,0.7220658039399851,-48.6915642129,0.0,-90.1644679884,0.0,-101.450979726,0.0
CP002000,0.7193665741187514,0.9344195038609822,-5.42911840815,5.66331024448e-08,-43.412752692,0.0,-31.0783692447,4.72178155812e-212
CP002026,0.6855199842021552,0.893568089926304,-1.27624804238,0.201867850652,-63.4741008502,0.0,-44.1625278226,0.0
CP002048,0.5167457590138003,0.5746644676562214,-1.11771915652,0.263686958498,-38.4453448949,0.0,-30.894835456,1.40134175608e-209
CP002102,0.6893266409315721,0.8851748390177996,15.5531747339,1.51410528685e-54,-57.3530193058,0.0,-33.2142991131,6.69314231244e-242
CP002131,0.47934553586235173,0.5376079500214369,-0.94292423145,0.345719659605,-44.8957331158,0.0,-34.9579293713,9.8123192266e-268
CP002175,0.30692912944204764,0.15401435755918533,38.3615472425,0.0,-7.11621548363,1.10930819432e-12,25.962244048,1.32263101244e-148
CP002305,0.41000636494405024,0.3881819290613729,37.5840411917,3.91823000752e-309,-25.0384996934,2.32964205968e-138,4.80664707228,1.53482585252e-06
CP002349,0.3615028078391916,0.2963916113315341,29.3665418969,1.46944902277e-189,-37.4311475982,1.21728893622e-306,-9.72232948849,2.42176583158e-22
CP002371,0.36655626054259555,0.2605999844841888,5.95252851061,2.6403112058e-09,-26.3467532492,5.59147983052e-153,-19.3142995448,4.07218313526e-83
CP002432,0.5689745883197693,0.684823922219189,-45.6925470719,0.0,-32.6709424315,4.04086983826e-234,-56.7961125452,0.0
CP002455,0.36765932817402386,0.309780832841199,23.5196893124,2.5652597942e-122,-93.4762898019,0.0,-65.4425997766,0.0
CP002512,0.43174105930065587,0.41435115061043487,21.0792641044,1.23285464328e-98,41.0295287849,0.0,47.269871546,0.0
CP002543,0.34810932109723014,0.23923890081183352,43.3213683653,0.0,-54.5583150214,0.0,-15.8603018348,1.19319054848e-56
CP002563,0.35998655170719857,0.25742434580434426,25.9090329627,5.26842797024e-148,-25.5800585803,2.54321239186e-144,-1.63450055298,0.102153790228
CP002629,0.5435386319107249,0.6240940250378535,-21.3874947669,1.74692327684e-101,-25.0725735159,9.90664936377e-139,-34.4151200213,1.49805283614e-259
CP002690,0.3435857785605895,0.26476741334845133,26.4980806058,1.0198786075e-154,-56.0269062189,0.0,-26.2510282951,6.95700064211e-152
CP002776,0.4760351537268639,0.45749922440796476,-16.344422395,4.7666648142e-60,24.689319342,1.39286355895e-134,10.4102820302,2.22561320214e-25
CP002858,0.38827833752043317,0.36650681123158185,-3.62350194912,0.000290641012586,-64.1098862804,0.0,-55.3654193649,0.0
CP002961,0.3672860280448031,0.2833196180770835,30.4515277153,1.14339367845e-203,-53.1202757171,0.0,-28.475615007,2.34844310582e-178
CP003075,0.6198739714687391,0.7534650173089762,-15.9058169939,5.77450538687e-57,-94.6927116542,0.0,-90.6503560737,0.0
CP003156,0.4076936812836407,0.3673946520145311,13.6205596306,3.02242760284e-42,-44.9203499478,0.0,-31.1655966792,3.11828614184e-213
CP003255,0.6174766802524909,0.7952779522796236,-5.44656183285,5.13527567521e-08,-86.1198232086,0.0,-66.1803702838,0.0
CP003345,0.31859097711418366,0.18922868308147178,61.5702843543,0.0,-138.461069706,0.0,-80.4839418117,0.0
CP003364,0.633936662875168,0.7803793332980978,60.4920091476,0.0,-80.1860840735,0.0,-26.94303044,6.88456116247e-160
CP003493,0.692551583365033,0.9023270908465141,-50.8091428898,0.0,-27.0974464884,1.05528274842e-161,-55.0648013189,0.0
CP003590,0.46587833963355896,0.4398736890128674,28.8671990056,3.08264821239e-183,-100.679473876,0.0,-66.7967875109,0.0
CP003610,0.4083233285220308,0.3266010843686628,-1.91475238249,0.0555240897533,-29.7605904266,1.26495238107e-194,-23.8584988669,8.26522255391e-126
CP003732,0.5494251863996564,0.6428426284091465,-1.65912994337,0.0970896106452,-39.6722757478,0.0,-33.8199767111,1.00315044016e-250
CP003869,0.4589259339354815,0.48223884611078344,-5.4603769205,4.75124781044e-08,-45.3643972151,0.0,-38.8862709954,0.0
CP003944,0.42963118870012057,0.3635687673373241,27.9729198597,3.4701960336e-172,-41.1303188537,0.0,-13.9781796707,2.11837158583e-44
CP004142,0.572064988176523,0.6729288491049579,-32.6051142656,3.47081547587e-233,19.1555660828,8.69745119131e-82,-5.63728230066,1.72754787106e-08
CP004885,0.5963702436640625,0.6997073823813043,-47.1296089079,0.0,-74.6319071373,0.0,-91.485258371,0.0
CP006772,0.42177885282775956,0.4231257753702374,0.158806220426,0.873821547818,-63.1809150629,0.0,-55.2261961582,0.0
CP007034,0.5319705754632762,0.6684945270719582,-34.0674344288,2.24022493904e-254,-85.1704612343,0.0,-93.997597797,0.0
CP007139,0.6144573326798454,0.7573405531555037,26.777457229,5.9156141576e-158,-100.337483105,0.0,-62.718082055,0.0
CP007444,0.6474132886743456,0.8164620160620829,-56.4785354031,0.0,-88.0879990685,0.0,-105.789077453,0.0
CP007496,0.4504515062448337,0.43993114832738406,-6.7493118107,1.48548043157e-11,18.1035205264,2.98935605008e-73,11.1856226822,4.79527460956e-29
CP008889,0.6935267654642321,0.8989821442181772,-17.6418697378,1.17507680302e-69,-11.5648791998,6.20786013444e-31,-20.1592337279,2.2331354503e-90
CP009302,0.6427268146887183,0.8446991440159969,-13.6791565009,1.35252527246e-42,-59.7501892143,0.0,-54.8700601216,0.0
CP009706,0.5038884398654375,0.5276737321076179,-14.1977546988,9.45949519055e-46,29.842245089,1.1067867984e-195,15.2943801358,8.33506246457e-53
CP010803,0.6307611824668071,0.79177825147932,39.1861383969,0.0,-88.6873876209,0.0,-51.9314249108,0.0
CR555306,0.6559509201197714,0.8221187066736202,1.51572975737,0.129587699952,-79.0957977448,0.0,-57.4571657333,0.0
FN667741,0.4641427767152045,0.45169949381378766,-30.098938272,5.00285583458e-199,3.58097860234,0.000342309690623,-16.2225196586,3.49555559887e-59
FP476056,0.4365059363295206,0.4666223368245591,-8.69004579998,3.62293403776e-18,-78.3212569919,0.0,-76.0177972654,0.0
FP929045,0.5873238627919859,0.7565151630697272,-31.342340735,1.23720765192e-215,-46.8799435822,0.0,-55.7667159029,0.0
FQ311875,0.6038741687394467,0.7171224959486544,-10.4076959373,2.28689533025e-25,-7.87907705156,3.29808080554e-15,-13.4207614074,4.56993642491e-41
HE956757,0.6388732703534007,0.7796580031681417,19.6641676359,4.37284816325e-86,-72.6083243984,0.0,-51.1493498217,0.0
HG934468,0.46074165434026054,0.5004169672688806,-15.8548558045,1.30125926671e-56,-55.9477826135,0.0,-61.9239538489,0.0
AE000513,0.6772065153517473,0.8500543696742433,-23.7949176207,3.76995300594e-125,-30.2058005307,1.98755925905e-200,-38.3862345675,0.0
AE001363,0.41418252261119437,0.3481790806395262,38.1752748163,0.0,-32.4338865535,9.140494887e-231,-5.18448333709,2.16614509855e-07
AE004092,0.39242043680941013,0.31804950893560263,14.4788635163,1.64799469269e-47,3.15033385413,0.00163083985696,12.3856714917,3.12458583608e-35
AE006468,0.5345178235557759,0.5949243613882214,-49.39008498,0.0,28.2691126922,8.28794109642e-176,-11.803913004,3.72574482885e-32
AE008917,0.5838707591177207,0.6739487464495078,-1.80579762912,0.0709499559506,-76.5531924397,0.0,-62.4980395311,0.0
AE014184,0.46528128287995096,0.42332570141832715,-2.68235034056,0.00731068543715,-16.9271226788,2.83923926776e-64,-15.7800697795,4.26716060885e-56
AE015929,0.330413099676286,0.21040925459518361,-6.32975653275,2.45548335648e-10,19.6224564554,9.94304039108e-86,11.8797202835,1.50871366658e-32
AE016877,0.359804078273155,0.25650138636316494,0.387910671197,0.698082140822,-28.1725289544,1.26961999659e-174,-24.1313757388,1.17143581226e-128
AE017221,0.6974243839316477,0.9216425127216705,-10.156453591,3.10153429639e-24,6.28916903215,3.19169794467e-10,-4.75799442217,1.95525900301e-06
AE017340,0.4755115343523522,0.4683676524863687,-24.1745358204,4.1230404447e-129,11.1482510106,7.30276520206e-29,-5.44984791052,5.04129127697e-08
AL591688,0.6360156874114468,0.7982855120023727,30.0305351416,3.92048792826e-198,-103.599362669,0.0,-62.8792990038,0.0
AM180355,0.3012983633145095,0.17437980124845315,4.29635972358,1.73625751631e-05,-19.778289784,4.57960733796e-87,-15.5025310692,3.33491448334e-54
AM420293,0.7176775405666175,0.9260063117367836,-47.1616889638,0.0,-45.295745885,0.0,-70.5811353793,0.0
AM889285,0.6718718080716463,0.8347792092373237,-23.1142297936,3.33052072715e-118,-56.8271414486,0.0,-59.6737907724,0.0
AP006840,0.6941962749535945,0.9074937933408601,-29.9939884364,1.17550206513e-197,-13.1669773581,1.35931621191e-39,-31.4349344389,6.7442680205e-217
AP008957,0.6288871813681345,0.7473278722621476,8.98496728711,2.58811279102e-19,-119.979187838,0.0,-94.5278963438,0.0
AP009247,0.32916934401046527,0.20665167106252752,-16.8770083237,6.64268898133e-64,28.5234973106,5.98967587495e-179,15.5350354756,2.0096100956e-54
AP010803,0.6548016946711838,0.8181508818790607,-11.2445004456,2.46488137818e-29,-67.5407226317,0.0,-59.6045806996,0.0
AP011540,0.6109642039036852,0.711471497216401,-6.25814908529,3.8957331827e-10,26.1985325198,2.7617085029e-151,18.1219183134,2.14001834913e-73
AP012044,0.5480359356870546,0.659336745409549,-29.1897280094,2.61829491602e-187,-74.2325313063,0.0,-77.9547460781,0.0
AP012057,0.67566063872044,0.8612580391988072,1.60197553039,0.109161020623,-81.901255358,0.0,-59.1776558648,0.0
AP012206,0.6454689808635105,0.8230926433149316,25.0085130981,4.93957320378e-138,-114.445415841,0.0,-76.0601454222,0.0
AP012320,0.7159454331144924,0.9342929623557387,-25.9617951101,1.33815997599e-148,-59.9708059458,0.0,-58.0305151263,0.0
AP012342,0.5074988969252041,0.5389520224105314,36.1372701623,5.89620433911e-286,-91.1911421703,0.0,-54.3518017473,0.0
AP013066,0.5713147475314568,0.6774725169229194,-36.5971674911,3.17272430399e-293,-56.1950402936,0.0,-73.5095663106,0.0
AP014624,0.36806642941874257,0.3139380641042788,23.1762598197,7.90379874204e-119,-83.2400426629,0.0,-54.5587427319,0.0
BA000019,0.42519180174957283,0.35322092842228653,10.1768788864,2.51498749912e-24,-8.23604996243,1.77989627598e-16,-0.436233423927,0.662667379841
BX119912,0.5554453923203267,0.6167404482913237,30.1508822948,1.04443845756e-199,-135.984294108,0.0,-94.373895091,0.0
BX950851,0.5230182803512671,0.5653477500970981,-31.2503674399,2.2069985764e-214,13.2208203033,6.65343458263e-40,-10.3456560465,4.37906648339e-25
CP000082,0.44686578830201446,0.4080215481522996,-40.1185762015,0.0,44.4139157255,0.0,10.4674210663,1.21919279691e-25
CP000109,0.44067562947359135,0.42363918957039265,-3.91888533583,8.89594200962e-05,-5.56604575716,2.60584843966e-08,-7.18425516611,6.75745570987e-13
CP000140,0.46104737267993456,0.5199526383955388,-2.24076911211,0.0250410346962,-63.5071164054,0.0,-55.3115269749,0.0
CP000155,0.5488928843931072,0.6387101297013298,-59.9770315479,0.0,-28.7854285257,3.26472433496e-182,-58.6035298727,0.0
CP000237,0.4148670515612202,0.374023974044828,9.62986519484,5.98078879998e-22,-21.3453687094,4.30554058454e-101,-12.693034641,6.463210444e-37
CP000252,0.5258412995307958,0.6033352989538137,9.49573240813,2.18668723742e-21,-71.5551119222,0.0,-55.7107475025,0.0
CP000284,0.5665751392743068,0.6730540338154731,-58.4430894958,0.0,-47.3915849793,0.0,-72.6900513552,0.0
CP000362,0.5959458998914298,0.6982691813004503,-3.30902724099,0.000936207276316,-25.033101824,2.66730750165e-138,-24.5369443605,5.96180154428e-133
CP000394,0.5972313087697703,0.6617255537639177,-15.7450752852,7.42427084754e-56,-48.6485708343,0.0,-51.3351287258,0.0
CP000453,0.6793603279536887,0.866247048766588,-67.1376993374,0.0,-8.04099208459,8.91140148085e-16,-55.6617456822,0.0
CP000478,0.6029716347730787,0.7560073896371517,-6.76162548288,1.36452059754e-11,-112.992552666,0.0,-92.3779313362,0.0
CP000512,0.6913775639535336,0.8857319434403894,-83.2402977328,0.0,-72.7180197457,0.0,-109.754058791,0.0
CP000568,0.4041951328526935,0.39760113351366505,-18.3563983008,2.93435335094e-75,-85.2425626023,0.0,-83.8285151346,0.0
CP000679,0.35702049374823314,0.30400837765721417,29.5564748676,5.42218524632e-192,-66.6314362175,0.0,-39.1824250927,0.0
CP000749,0.4340575819900231,0.3826427255364717,-4.7250213776,2.30091149969e-06,-18.5887566891,3.96257040051e-77,-18.0125431529,1.55325517522e-72
CP000783,0.5799525946466587,0.6918477301103886,-24.5347818875,6.28721807015e-133,27.5431782436,5.34155362124e-167,5.53078704,3.18797167907e-08
CP000830,0.6646414737119225,0.8468803019515152,12.0059769238,3.3053753331e-33,-73.7442932911,0.0,-49.5786368207,0.0
CP000885,0.3635682780410742,0.2859273467351359,-7.69253485776,1.44248163444e-14,-37.1834199201,1.26486237845e-302,-37.9536527074,0.0
CP000923,0.34738002110883465,0.25978574634144963,23.1589852738,1.18023248929e-118,-67.1426543995,0.0,-36.6760958695,1.75655521409e-294
CP001022,0.48620049346586763,0.5166415354689753,12.6820597233,7.43520044997e-37,-17.0387832243,4.23450057796e-65,-6.01521154401,1.79651937795e-09
CP001085,0.295509165653558,0.2113456206165389,14.1317033027,2.4221408157e-45,-39.8787926654,0.0,-24.6970636802,1.15006298965e-134
CP001103,0.4568106682456383,0.4329234606222018,-11.0063932473,3.55970516221e-28,20.2269939224,5.66531813717e-91,11.0780970645,1.60242062003e-28
CP001135,0.6109921879171745,0.7558851146663308,-40.5949097104,0.0,30.8909449448,1.58050589711e-209,-2.85806212831,0.00426236927995
CP001196,0.6318265560351466,0.7832666781573492,14.2067608304,8.31851388937e-46,-84.3314331106,0.0,-57.72417229,0.0
CP001280,0.6383583640081129,0.7780775111631941,28.5729832287,1.45582424354e-179,-83.9759863612,0.0,-41.4474004454,0.0
CP001397,0.3601066706556256,0.2700716049866876,39.6117226861,0.0,-38.4484359314,0.0,-4.1535367259,3.27375641355e-05
CP001618,0.7329910296350217,0.943873701317546,-6.51936312403,7.06065358423e-11,-27.3566023722,9.01250119618e-165,-23.398655032,4.41046212447e-121
CP001632,0.4065995563046862,0.3795838006697522,5.6588461005,1.5239413383e-08,-38.7846744152,0.0,-26.9653760114,3.76650518205e-160
CP001672,0.4654285856263162,0.45189985482946765,-20.6329732266,1.38845211363e-94,48.9484434618,0.0,26.645500905,2.01798611685e-156
CP001683,0.6787215180505008,0.8538920193892875,-50.0771982304,0.0,-36.4913529881,1.52078153035e-291,-63.0441592172,0.0
CP001700,0.703521229714885,0.9041605647821969,-8.74874674747,2.15735211276e-18,-52.6172293181,0.0,-45.302211708,0.0
CP001721,0.46385384064529966,0.4104908092216221,-0.416786806127,0.676834353832,-10.2225378323,1.57171218749e-24,-9.52607187896,1.63347383414e-21
CP001739,0.3476793783354113,0.27341819198343065,16.3831367402,2.52384956832e-60,-73.5109486436,0.0,-56.3294582694,0.0
CP001779,0.26240640229289885,0.11510648467129725,-3.6341072841,0.000278944781599,19.3736810882,1.28717471582e-83,15.7537102732,6.4767233042e-56
CP001807,0.6534605750946907,0.8144677358863406,-32.1909636097,2.36152412078e-227,-71.162976827,0.0,-78.3883010514,0.0
CP001820,0.39761775928752024,0.30299893730765104,-15.6557768873,3.03385685248e-55,17.8710788614,1.98125353679e-71,3.15217832893,0.00162057267811
CP001850,0.4489583798453074,0.4424503992133286,-3.60810571087,0.000308440821413,-10.7135845853,8.78913345299e-27,-11.5938523572,4.42760732276e-31
CP001928,0.4438299284077071,0.44507304659986824,26.931358317,9.43218483087e-160,-60.3475640207,0.0,-39.5981144303,0.0
CP001966,0.6891375116222271,0.8667211209575947,-27.2112096148,4.78573419204e-163,-46.3526270087,0.0,-55.0676663261,0.0
CP002005,0.4304119341200733,0.3802878719664846,-50.6047685264,0.0,21.2637730503,2.45835243313e-100,-16.5166807559,2.782985356e-61
CP002028,0.467442125542953,0.48954682806465455,-28.2043407545,5.17299673562e-175,-33.9578650188,9.33670156364e-253,-48.7974866809,0.0
CP002049,0.6884758528974098,0.8774532828923983,1.11104071535,0.266550824264,2.27152334265,0.0231153155337,2.29846265331,0.0215354711287
CP002105,0.37416505555825263,0.2883024197938333,21.7592408153,5.64755888979e-105,42.6979628979,0.0,54.763601664,0.0
CP002156,0.6107047799781052,0.7123790099557522,18.8107757202,6.16293493393e-79,-44.3935612874,0.0,-25.0088012557,4.90404812587e-138
CP002209,0.6125071461502997,0.7606883408853812,-51.2710172629,0.0,24.2200076269,1.36947076021e-129,-14.9413232979,1.7741674462e-50
CP002343,0.7101441907973121,0.9135688959694015,-7.30412846817,2.79069647592e-13,-11.6076042052,3.77031836459e-31,-13.6909582701,1.14982771511e-42
CP002353,0.6307990666883716,0.7424298003994622,0.805997276578,0.420244419423,-97.4248500045,0.0,-80.1322754871,0.0
CP002382,0.5554630857083445,0.6399722669601836,-8.40786292714,4.17548717692e-17,-19.7158649421,1.57598671432e-86,-21.4578001063,3.86146648858e-102
CP002444,0.5235249453193764,0.639393778613225,42.6486750474,0.0,-18.9695114175,3.04725566311e-80,20.5558284316,6.82552202445e-94
CP002456,0.3785337946447704,0.2714914534602852,3.21544099738,0.0013024426626,0.997752888792,0.318399199949,3.14876046198,0.00163964534434
CP002514,0.619536636592859,0.7258909506180398,-48.6443672606,0.0,-18.4111167411,1.06993454058e-75,-42.7627043083,0.0
CP002544,0.4443365869751039,0.4672921421080626,-6.31107419253,2.77105301392e-10,-111.230473243,0.0,-103.327734033,0.0
CP002568,0.6782657779361551,0.8743626933895922,7.99300277976,1.31691158544e-15,-86.6765070511,0.0,-56.1628546264,0.0
CP002630,0.6867528617389651,0.8843368433249809,-8.01417603569,1.10877806782e-15,-6.45801611095,1.06084450614e-10,-10.6944731696,1.0803183118e-26
CP002691,0.4808360789263401,0.5339672961506201,-48.9932323763,0.0,-136.523518166,0.0,-141.89510067,0.0
CP002786,0.6262662941753714,0.7188198505063954,4.38843106709,1.14171309748e-05,-9.28671514466,1.59123384663e-20,-5.0356338345,4.76270224473e-07
CP002859,0.47801572611572407,0.5290124133862834,-35.2608863248,2.33666509884e-272,-77.0430445531,0.0,-86.7500607708,0.0
CP002972,0.6041223525966062,0.7048551943473279,2.52728845041,0.0114947051095,-19.8764262947,6.51095357231e-88,-14.537132812,7.04835596989e-48
CP003096,0.47505947662801734,0.5052724476159257,14.5824540548,3.63221403448e-48,-47.9439724096,0.0,-28.0748060662,1.98958205359e-173
CP003171,0.6246381500061965,0.7846176647515758,-81.092583082,0.0,-47.1838091971,0.0,-92.2706202717,0.0
CP003257,0.2916739383255777,0.18008996260873913,-1.92369503271,0.0543928210386,-45.9157277652,0.0,-43.667060694,0.0
CP003346,0.45872655346570657,0.5017317073018609,-18.3465668679,3.51641171265e-75,-62.365963508,0.0,-61.4495282125,0.0
CP003380,0.48260942850984034,0.46940793846101314,-31.8250924404,2.91131515509e-222,8.27223331911,1.31472696787e-16,-14.392104791,5.80034377615e-47
CP003495,0.6948170145125205,0.8793126275331018,-46.823392595,0.0,-23.1998538902,4.56870178591e-119,-49.0128567429,0.0
CP003591,0.6012836498411379,0.7198510137628887,9.77721865298,1.41032879172e-22,-41.9726722401,0.0,-27.1387128889,3.44116705212e-162
CP003620,0.411016664792242,0.31495130810714445,19.7084873222,1.82336349562e-86,2.03451450232,0.0418997479134,16.0531704609,5.43170606361e-58
CP003740,0.5542419838137135,0.6061826001955034,-1.30769020917,0.190978405532,2.76542072212,0.00568494216179,1.32881234699,0.183909887658
CP003879,0.3538457353987457,0.2853129369559992,31.6395535538,1.05576432119e-219,-56.2074128617,0.0,-28.2691998571,8.26751865866e-176
CP003945,0.43654474773183594,0.37316261094831615,30.628365363,5.13133411327e-206,-33.7943650121,2.38634005304e-250,-6.02264084874,1.71593929589e-09
CP004345,0.527313105947607,0.5791369734287417,-30.7401194616,1.65736095338e-207,38.6319750813,0.0,13.3449634195,1.26732770881e-40
CP005287,0.6403267760347976,0.7937841854166695,-39.9001208233,0.0,-16.869318865,7.56638126611e-64,-36.9698171148,3.49953658053e-299
CP006773,0.6308726121645015,0.7718381229443807,-0.590195856236,0.555059349903,-34.2973864959,8.58387070262e-258,-28.3662094236,5.28257672972e-177
CP007035,0.46154707039633014,0.4940268263214104,-43.4956253533,0.0,-41.9469217538,0.0,-62.2255032899,0.0
CP007142,0.4955167109115881,0.5178819135835951,-71.1177684474,0.0,-43.6914946047,0.0,-79.0530577938,0.0
CP007445,0.3504506660469098,0.23096536639137535,-18.2551126795,1.88421690132e-74,30.9537804883,2.25980560309e-210,15.1189878247,1.21394164541e-51
CP007757,0.534618772874648,0.5491749563608067,-21.4255383063,7.72368846487e-102,49.6043737874,0.0,23.4204489929,2.64551299687e-121
CP008936,0.39114947817032714,0.2973074091800268,16.8237338617,1.6352013456e-63,-13.6746467359,1.439044469e-42,0.634095515508,0.526018489237
CP009415,0.31704585017331943,0.20615980880693566,2.13006890266,0.0331659252456,25.9389100497,2.42553030804e-148,23.8398960246,1.28905800714e-125
CP009761,0.28960229150273914,0.16897039968783098,20.3645662333,3.44893297939e-92,-40.5237682318,0.0,-22.0815212529,4.75799649198e-108
CP010848,0.6205353081841416,0.7056487152463929,-2.41830999952,0.015592786407,-10.7731914054,4.60747923737e-27,-9.8853814581,4.81743525694e-23
CU207211,0.5535494054076968,0.6311704260127009,-38.8934703707,0.0,-80.9817200156,0.0,-88.2247535735,0.0
FO082060,0.4967819697732388,0.546258686464154,-32.5304843016,3.95359541195e-232,-77.0370194367,0.0,-81.4428082374,0.0
FP565575,0.5915579170786656,0.6973001925577461,5.43502990168,5.47872440718e-08,-31.1133685659,1.58840228459e-212,-21.1278092437,4.41564173563e-99
FP929047,0.6534424373179883,0.8834749686906843,-41.3203039426,0.0,-39.8930977199,0.0,-57.829121763,0.0
FQ312005,0.3709031401845422,0.30496237216183186,39.2943547824,0.0,-2.52974008885,0.0114147048703,25.1396793567,1.83267012439e-139
HE983995,0.37748657574574024,0.29757925210325964,0.110029605264,0.912385895849,-6.88949565034,5.59905365701e-12,-5.4767784195,4.33139037098e-08
HG938353,0.6239599564605036,0.7840354181651593,31.263795633,1.44987685635e-214,-109.190939917,0.0,-65.9368553683,0.0
AE000516,0.6581958559860726,0.7929026049932626,-39.8355258777,0.0,-32.3294805872,2.69555310169e-229,-51.8432999405,0.0
AE001437,0.3156770534814757,0.20851891007668322,11.5851897726,4.89880476231e-31,-27.2150267147,4.31295966784e-163,-14.082777409,4.84668643087e-45
AE004439,0.41136294346969804,0.34577784851273907,-0.374151951545,0.708291269153,0.990179475124,0.322086402838,0.503288363593,0.614761546471
AE006470,0.5775454801488229,0.7261771559542367,-1.73374277231,0.0829637337024,-59.7484346258,0.0,-51.5408336483,0.0
AE008922,0.656978944267029,0.8184479670390459,-85.3628048284,0.0,-85.7876768228,0.0,-121.528455113,0.0
AE014295,0.6095322551350766,0.762778144793405,-37.4969034783,1.03456251076e-307,-31.5865993833,5.64054649911e-219,-50.4892930575,0.0
AE016822,0.6852232786945124,0.8703957593759006,5.48375003903,4.16403027877e-08,-42.8279883805,0.0,-29.5700883959,3.62400187505e-192
AE017126,0.3712132353889779,0.24717892144485834,24.3178224327,1.27014789878e-130,-19.830932092,1.61028008427e-87,-2.50108305604,0.0123814137512
AE017262,0.3858917127693095,0.30149373009437175,16.4064308426,1.72025601545e-60,-33.7679989738,5.81950906123e-250,-16.1555441436,1.03798579756e-58
AE017354,0.3899757023447337,0.3290478465879892,-15.447296936,7.8674230251e-54,-22.9203327392,2.91343861749e-116,-29.3576668808,1.90747089994e-189
AL645882,0.7257227065084658,0.9331832870793082,-37.9754673876,0.0,-44.6499595284,0.0,-58.8620761819,0.0
AM236080,0.6210835555518882,0.7736507415282007,28.0139248979,1.09952540505e-172,-108.755642446,0.0,-73.2398778037,0.0
AM494475,0.3093770417019434,0.19825725175293124,-8.05081647704,8.22435158751e-16,19.5208277107,7.3045326873e-85,12.3629148221,4.14836881179e-35
AM942444,0.649733700226855,0.818852491596257,-15.0331617402,4.45237182214e-51,-2.7463944314,0.00602542742887,-11.6118584515,3.58732785461e-31
AP007255,0.6624353184422425,0.851320589847696,-56.033669541,0.0,-80.1206541738,0.0,-101.581432735,0.0
AP008971,0.326295328598776,0.2604198216699786,7.45106765401,9.25878647971e-14,-56.8980606171,0.0,-42.5564815523,0.0
AP009384,0.6776203531867734,0.8651486789095381,-24.5434001813,5.08697600088e-133,-76.3872803791,0.0,-69.8618375885,0.0
AP010946,0.6863658853111975,0.880590258726206,8.47910437256,2.26934034942e-17,-58.7630642598,0.0,-38.4723357545,0.0
AP011615,0.44676969863431587,0.4082583765044114,2.7235186867,0.00645905614921,24.5751743519,2.32807802635e-133,21.4200991101,8.68040117243e-102
AP012046,0.3672560324752774,0.27339179687927134,13.4449416357,3.29665796087e-41,-26.8519670777,8.00006166355e-159,-13.9837323152,1.95937040884e-44
AP012157,0.3957114650430976,0.334958060759873,-9.3673658966,7.43652149892e-21,-20.8846514111,7.38415275107e-97,-23.4291874704,2.15501148476e-121
AP012211,0.5693995848796439,0.6598174843378569,-42.3507107279,0.0,-59.2714906801,0.0,-78.8977662276,0.0
AP012332,0.4217961767143326,0.33627648628526974,11.0849518788,1.48430208791e-28,-34.2353963061,7.1942777745e-257,-23.5004914003,4.03182069424e-122
AP012547,0.6386345752506073,0.8084615892784064,-30.4626062073,8.15641317261e-204,-98.6677562384,0.0,-95.0698224638,0.0
AP013105,0.6450969682054729,0.840395847477622,-38.8137421921,0.0,-62.5435487916,0.0,-76.1236609188,0.0
AP014633,0.4207730187654956,0.3541234610841793,-15.0181341129,5.58580326153e-51,19.7770361793,4.69486658503e-87,4.63006508154,3.65550819811e-06
BA000021,0.23699869094371057,0.11592501778067353,14.9317350136,2.04865455259e-50,-27.2037355168,5.86653830637e-163,-14.2781361818,2.99504910166e-46
BX470251,0.4424721620558696,0.4054852718168532,-32.4774874907,2.21726686932e-231,24.2316388812,1.03269217136e-129,-1.87173039211,0.0612439126259
CP000009,0.6181531712949808,0.7267418086110884,9.66111208231,4.41049796243e-22,-49.0091711853,0.0,-36.7775917152,4.2128664776e-296
CP000083,0.3891172153445077,0.3010327731488269,-18.6935609565,5.58572757181e-78,62.0418028235,0.0,46.7279500512,0.0
CP000113,0.6922761162349278,0.8875367747315932,-89.2798654825,0.0,-28.1581289451,1.90562230596e-174,-79.5165269749,0.0
CP000141,0.42478541301885087,0.404277055670392,7.00494063323,2.4709058406e-12,-47.422111347,0.0,-32.9426518366,5.39039238203e-238
CP000157,0.6354743826527123,0.7833673948942151,-0.568339595224,0.569804397921,-100.489991551,0.0,-79.7632916935,0.0
CP000238,0.3438911115163086,0.1949906127784562,-6.06834503442,1.29235029703e-09,22.99068575,5.77695489517e-117,14.0627948509,6.42959455149e-45
CP000264,0.6280918241592904,0.7630262138802939,12.5517621813,3.88760924311e-36,-14.3865434726,6.28599185496e-47,-3.98683011538,6.69619362334e-05
CP000285,0.645935948086823,0.8120132751231889,-48.67411725,0.0,-91.2443035517,0.0,-105.463563115,0.0
CP000383,0.396988138873262,0.3573532499429782,-25.8726181795,1.35439930091e-147,-51.777534007,0.0,-67.9011876597,0.0
CP000411,0.38960178336342727,0.34312644737220965,8.57798561896,9.65490162517e-18,-52.5716631467,0.0,-43.1741982819,0.0
CP000454,0.6607824819646891,0.8191746450500568,-27.2302892086,2.84504693171e-163,-10.511841989,7.6190669877e-26,-26.0603217261,1.02769896144e-149
CP000481,0.6687109279375066,0.7937270077546651,-6.65557626816,2.82192173449e-11,-27.1559931011,2.15128176865e-162,-24.7958642556,9.93478698877e-136
CP000513,0.4512870429935244,0.42594642408306105,-14.8960014216,3.4990246788e-50,-24.2467315974,7.15848628176e-130,-28.7601512501,6.76220806246e-182
CP000569,0.4243856212053675,0.3847400776548064,-15.7523695482,6.61552825087e-56,-7.80432313189,5.98217371488e-15,-17.3901526724,9.79729268349e-68
CP000686,0.6102337476568274,0.6936169250938022,-4.36053829707,1.29742870838e-05,-58.8208420484,0.0,-51.7221390502,0.0
CP000750,0.7463386489934608,0.959557438959206,-34.8834470855,1.32520951342e-266,-8.98753749863,2.52831495154e-19,-33.9459067498,1.4017554344e-252
CP000806,0.3878220883883853,0.3004771614950684,20.3820734697,2.41217575702e-92,-13.8150570366,2.06790384946e-43,3.2573813992,0.00112445236514
CP000859,0.5734197323716023,0.7020574961553065,-45.7672797261,0.0,-31.0204808665,2.85440236445e-211,-55.6265663427,0.0
CP000896,0.3229072026355249,0.20930449665473783,-15.5501148278,1.58820815079e-54,36.5966356818,3.23512544061e-293,19.7426643121,9.27556317189e-87
CP000930,0.5813460897980416,0.7080889038597002,1.8322692574,0.0669113149375,-25.420237078,1.50678480882e-142,-18.8054570412,6.81324599341e-79
CP001032,0.6557032221235329,0.8254079760387313,18.4593243916,4.38795849185e-76,-104.553791344,0.0,-68.2713924449,0.0
CP001087,0.49783380163404967,0.5542048631097473,-16.4609228627,7.00246482881e-61,-35.2843112261,1.02204400524e-272,-42.3584124252,0.0
CP001104,0.3804364728070513,0.30962702367954087,-31.794201538,7.78503133952e-222,-1.99549581863,0.0459888297449,-26.2706546268,4.15203777898e-152
CP001145,0.4499245474744258,0.4382899365197483,-9.00215933826,2.21321043552e-19,-20.7297257135,1.86851875317e-95,-26.2814420272,3.12595435573e-152
CP001220,0.6267299709362508,0.7715658345649737,-77.2287557932,0.0,-101.983290276,0.0,-133.926357031,0.0
CP001281,0.6887876546210893,0.8985695033555835,-26.8423869317,1.03501910851e-158,-69.5429920539,0.0,-69.6540104576,0.0
CP001472,0.6120668343052386,0.7425864780737043,-18.5618280072,6.54395985747e-77,-45.9312953667,0.0,-53.2684210601,0.0
CP001619,0.5267998740519426,0.6425369373192923,-9.65060506945,4.88665391652e-22,-94.0433389868,0.0,-85.4576797395,0.0
CP001634,0.41609224033928344,0.4054539261634661,20.2788440224,1.97723495345e-91,-69.0168243533,0.0,-39.2805981298,0.0
CP001673,0.43598163074204455,0.46096864312140023,12.6443738228,1.2017816689e-36,-56.5974430367,0.0,-42.5910293713,0.0
CP001684,0.6111759988553136,0.7920175523505307,-37.0996525917,2.84589496814e-301,-54.7537584773,0.0,-68.6939503595,0.0
CP001706,0.5864187465929445,0.6314851589075238,-18.042957546,8.96168247586e-73,38.0310531855,0.0,22.564000373,9.78604547992e-113
CP001727,0.6303844107054288,0.7900386592675611,-3.90636534128,9.36948181423e-05,-69.7963859683,0.0,-56.4095209559,0.0
CP001743,0.6424616057159647,0.8050333999823133,-60.7988682246,0.0,-32.9254252488,9.51130784775e-238,-66.1405295487,0.0
CP001785,0.6006024550853029,0.72661346568699,-0.311471437861,0.755442253016,-39.569860535,0.0,-29.9554599744,3.73541113349e-197
CP001810,0.4086015553043133,0.37147244141159735,-6.98674598794,2.8133492704e-12,-34.5122144282,5.26085960157e-261,-35.5929936183,1.79812676956e-277
CP001821,0.7285480049937755,0.9415833115435581,-20.40261645,1.58503581543e-92,-9.24809928132,2.28520029846e-20,-21.8915365336,3.127914964e-106
CP001854,0.7305483556414565,0.9425255134897605,75.4085994858,0.0,-38.1647313416,0.0,36.5430893001,2.29590813223e-292
CP001931,0.4709078697059707,0.5088172016006162,0.917343912266,0.358962453513,-50.3100570825,0.0,-40.4865364301,0.0
CP001968,0.4327836417283887,0.4236700384463651,-5.69334425144,1.24574854437e-08,-31.0387173294,1.61996713506e-211,-31.2681118652,1.26666788592e-214
CP002006,0.4902615553699334,0.5654945860591022,-15.9453021692,3.07150881588e-57,-60.2689402898,0.0,-65.9187236369,0.0
CP002039,0.6437570093073313,0.8274398115327821,-99.7273646545,0.0,-63.1133558247,0.0,-117.327073805,0.0
CP002082,0.3064471397728669,0.20516344568021314,7.74690994609,9.4155680611e-15,13.5268207347,1.08620604576e-41,15.9813459176,1.72383308287e-57
CP002106,0.6528708967391151,0.8496606518735268,-19.8802756602,6.03016399183e-88,-27.9746550094,3.30557522883e-172,-36.4323028582,1.31171052603e-290
CP002157,0.37587052546630967,0.32302690904223785,-3.80294413575,0.000142986607982,-36.7737309874,4.85606739879e-296,-33.3105582938,2.71547176479e-243
CP002271,0.6786791120499109,0.8701325738837473,-64.8957422212,0.0,-85.6006635061,0.0,-107.052888225,0.0
CP002344,0.7262961885267833,0.907820224153763,-38.7763954144,0.0,-25.4285649428,1.21886560176e-142,-45.247381512,0.0
CP002355,0.4571393172426394,0.4858408368444576,-0.760389180504,0.447021988654,-49.6550137783,0.0,-46.0514338068,0.0
CP002390,0.3651421736115088,0.3144017508889438,5.82227561753,5.80517100027e-09,-69.2666490507,0.0,-55.0292432992,0.0
CP002446,0.7058823722927658,0.9192652340393517,-55.9247839091,0.0,-56.5882093845,0.0,-84.9661767937,0.0
CP002467,0.580285114934478,0.6770639818037093,25.4157021464,1.69117699729e-142,-116.437558293,0.0,-76.1165056388,0.0
CP002526,0.4501119735015109,0.42482743811413554,-22.5621282797,1.02091078687e-112,37.4568968504,4.63839791363e-307,16.3377862632,5.31478041947e-60
CP002545,0.37193939416007893,0.31756324018160537,10.3234341828,5.52122730762e-25,-89.2511874197,0.0,-62.5043346053,0.0
CP002584,0.4195364421935612,0.4024741240022717,-17.3331574709,2.6440542019e-67,-54.2171953899,0.0,-65.492332919,0.0
CP002638,0.7140076109417517,0.9071408489146919,-70.5468535587,0.0,-23.5935033099,4.49387799406e-123,-65.7556051184,0.0
CP002728,0.3838381652688696,0.3216007314360434,3.93447881733,8.33774213269e-05,-34.3659827931,8.12908946478e-259,-25.203600494,3.65767524881e-140
CP002810,0.7417088058386201,0.9685549402861595,-21.9257531523,1.47575768686e-106,-18.0734847574,5.15522402649e-73,-28.188628667,8.06096792029e-175
CP002899,0.36580287940143474,0.26304427579219003,8.00303782274,1.21386634364e-15,36.048710451,1.44480350421e-284,36.8539452885,2.52853988494e-297
CP002987,0.4041698269946184,0.37584098502617175,-13.8369986921,1.52439669719e-43,-16.3388752941,5.22070570663e-60,-23.5204329857,2.52070093305e-122
CP003108,0.43800199371213866,0.41688837357290603,1.02743619982,0.30421511311,-32.8102975596,4.19884055393e-236,-25.9961873096,5.46894654463e-149
CP003178,0.45906183709070575,0.4961670936879324,-52.2240608195,0.0,-68.1244860256,0.0,-97.9266704549,0.0
CP003274,0.5798239752003184,0.745756944944275,-10.2490156026,1.19554892852e-24,-92.5816725252,0.0,-81.7221235905,0.0
CP003349,0.3814938660844675,0.3197342797245959,2.41881791222,0.0155710325191,-12.7602057237,2.73477878575e-37,-10.1553630493,3.1364066207e-24
CP003389,0.7025445458142926,0.9213697750999668,-111.03308428,0.0,-18.4016344139,1.27461594334e-75,-94.539870943,0.0
CP003532,0.457639948559967,0.48485235012394406,43.6808378168,0.0,-85.4596799507,0.0,-39.9490198217,0.0
CP003592,0.48762117626211976,0.4941551649534764,-23.1974497138,4.83125367916e-119,21.4285556923,7.23910907473e-102,1.67819843986,0.0933083662363
CP003630,0.47278520735928325,0.450968943424374,18.016408304,1.44847447271e-72,-26.7488260104,1.27422534226e-157,-10.4874197955,9.86865468604e-26
CP003745,0.4167969354643031,0.34731841473189745,0.474312929356,0.635276772903,-0.690186169639,0.490077119613,-0.222182978275,0.824171444342
CP003881,0.4536134178216294,0.4162573549150058,-10.8258881928,2.59550369699e-27,11.8757813895,1.58149355637e-32,1.71124318534,0.0870362296097
CP003946,0.4494201474131781,0.40530300336140906,11.083649161,1.50606470318e-28,-32.3710768455,7.00941746573e-230,-20.7869763031,5.67776666732e-96
CP004349,0.3108666490525882,0.18513214182868917,31.1618090727,3.50938451296e-213,-73.5290623487,0.0,-42.2693555383,0.0
CP005957,0.48994111229412307,0.4855576145663657,-13.5606088298,6.85646117558e-42,-6.64487158935,3.0348153985e-11,-14.1629466223,1.55341463462e-45
CP006900,0.6540312362078048,0.8235057366056069,-35.9499220508,5.07559142813e-283,-111.264148597,0.0,-107.238185799,0.0
CP007044,0.5239951954297858,0.5703689090820666,-44.8228958065,0.0,10.193356075,2.12305851585e-24,-20.161500504,2.13314134031e-90
CP007155,0.7120551806746056,0.9233770984919312,-110.86291726,0.0,-18.4946903,2.27847175581e-76,-95.5319319847,0.0
CP007446,0.43515517541224646,0.3753514972702181,-48.2776003927,0.0,2.68838249321,0.00717991009795,-30.7962776063,2.93910564142e-208
CP008713,0.28338520583969,0.17983154695638748,-6.06109651482,1.35196671661e-09,-1.43771184277,0.150515831475,-5.97742533495,2.26691770006e-09
CP008941,0.42076935675016786,0.36996460260696523,6.72775474045,1.72301017653e-11,0.363893502869,0.715937536499,5.20952933821,1.89320271184e-07
CP009416,0.43218294499414833,0.3949600695991342,16.777505178,3.56501733971e-63,31.3617146629,6.73564396013e-216,39.4699377795,0.0
CP010048,0.31314421066266956,0.19210949917490913,-9.6654168898,4.22894558816e-22,-2.90934538866,0.00362186483081,-9.80950467935,1.02470300139e-22
CP011265,0.6216010104150526,0.7580939318642193,-12.5678140737,3.17378120197e-36,-39.2335751844,0.0,-38.5092156289,0.0
CU207366,0.37349062867065014,0.31194555614983127,17.2163613213,2.00184699384e-66,-52.3604602185,0.0,-37.2269773729,2.49881266356e-303
FO117623,0.7317109894425325,0.934907287106583,-28.4796215304,2.0949213531e-178,-25.6778280732,2.06779126922e-145,-41.4886454979,0.0
FP565809,0.33872525410011073,0.23673543597132335,24.7449675296,3.51218555465e-135,-31.330100855,1.81629431536e-215,-7.99749065275,1.26980411069e-15
FP929048,0.3283902242766275,0.18348531146547045,13.0364329891,7.59269630012e-39,-18.8958612624,1.23357973463e-79,-7.00694708138,2.43574337374e-12
FR872580,0.3981030144049393,0.33700434269617807,30.9903052703,7.28225040234e-211,-54.6261068093,0.0,-27.6446655041,3.23491229356e-168
HF680312,0.4710783808807935,0.4458998222975956,-24.898639432,7.69694766833e-137,3.21441249472,0.00130711748588,-13.5303877437,1.03476404025e-41
LN614830,0.4093863356197977,0.3511778996110015,1.07499441699,0.282377227924,-1.34927398557,0.177248978238,-0.415158223805,0.678026078888
AE000520,0.5263336130424359,0.5393776169335325,-8.64564488028,5.35022665465e-18,-19.57057479,2.75556225297e-85,-21.9787302446,4.60152295277e-107
AE002098,0.532081170247543,0.6145352440034058,-22.3603835832,9.5686872498e-111,-58.6745585033,0.0,-66.122444278,0.0
AE005174,0.5110885971639887,0.543531393766604,-30.2050267886,2.03460997774e-200,12.0136251815,3.01339600171e-33,-9.55999640642,1.17760793418e-21
AE006914,0.3292647947081587,0.23279911537043863,-4.15610421005,3.23720212511e-05,15.5427709696,1.78112619001e-54,10.4324579117,1.76268634905e-25
AE009951,0.27451808754024676,0.1226116981990545,23.2755352249,7.84526024239e-120,-36.0401861554,1.96494251815e-284,-13.5207108909,1.18029688495e-41
AE014299,0.4710114123873603,0.4658572774952191,-15.5146535908,2.76120863422e-54,42.1618395954,0.0,24.0506692694,8.21424776705e-128
AE016825,0.6583828168236953,0.8580737893729181,-53.377170393,0.0,-60.0520540212,0.0,-81.755432563,0.0
AE017143,0.38845757471659226,0.29391890480110655,-1.41048215331,0.158397362509,26.0376425833,1.85699382731e-149,21.4437757547,5.22017749106e-102
AE017263,0.27118713225993357,0.12505984164978826,7.51283356251,5.78610722666e-14,-13.0624401789,5.39696830535e-39,-4.53486551105,5.76402018263e-06
AF222894,0.2576663138896086,0.12157758931952481,9.21291951641,3.1737296982e-20,1.10196863876,0.270475306022,7.55514946437,4.1837912905e-14
AL646052,0.6774272642876211,0.8796935820097035,-48.1299711834,0.0,-50.7114760601,0.0,-71.7905333148,0.0
AM260525,0.40824537590823917,0.30676779862324566,10.9517106153,6.5204436265e-28,-36.7030389242,6.53176654291e-295,-25.0654283751,1.18533656098e-138
AM711867,0.7296404629711529,0.9566747059213445,-8.31022071961,9.55242282154e-17,-21.5045576824,1.41124434438e-102,-17.4708990003,2.38703656486e-68
AM942759,0.40244614383824406,0.31270761925227125,-12.7449904924,3.32431336871e-37,47.5726924042,0.0,33.6620476058,2.07785396337e-248
AP008230,0.4858153434706323,0.5251128861165311,-12.9443250123,2.52976917119e-38,-50.6251471312,0.0,-49.7048619139,0.0
AP009152,0.7127274790965155,0.9339657843974323,-50.4626894186,0.0,-14.2097095152,7.9755649494e-46,-49.8917738224,0.0
AP009389,0.5466619375977866,0.6402720840054167,-15.6130134341,5.93655326846e-55,-37.6266556485,7.88184501394e-310,-40.3464646151,0.0
AP010968,0.7456344492214344,0.961912822349542,-25.5190666239,1.21111407761e-143,-19.5655704031,3.03983165052e-85,-30.95242366,2.35683727865e-210
AP012027,0.368108461511992,0.2743217696502275,-1.73155554594,0.083352726961,-1.68318147364,0.092339966117,-2.55972054921,0.0104756361819
AP012047,0.2727812492107672,0.11528175507377098,40.1885074933,0.0,-71.4617051695,0.0,-34.4205899257,1.24078608846e-259
AP012159,0.6213450100106683,0.7207835971453984,-60.2231585931,0.0,5.31088857127,1.09092019437e-07,-30.8124533234,1.78478617957e-208
AP012224,0.6539162819670228,0.8516382868527163,-57.5971902765,0.0,-55.7973972722,0.0,-78.0633859823,0.0
AP012333,0.5934968279218541,0.7499527287880763,-5.59425565032,2.21570273279e-08,-35.9628350659,3.18922907124e-283,-32.4139407785,1.74623757233e-230
AP012548,0.26650839082271244,0.1460015907978463,19.3942397947,8.63195126176e-84,-49.2563827804,0.0,-28.3451091434,9.61638720459e-177
AP013357,0.40254135377336137,0.30501241130935725,-6.10066731689,1.05626549305e-09,14.2770486248,3.04214775322e-46,7.49569537258,6.59477930735e-14
AP014648,0.6345217692730161,0.7939218253037931,11.8489788847,2.17828880479e-32,-84.8632966456,0.0,-63.3222545721,0.0
BA000028,0.36184658628074096,0.25500924738680075,-2.64740184722,0.00811129025601,-25.9418318708,2.24823340871e-148,-25.1201363096,2.99715707458e-139
BX571656,0.4899770043712959,0.5514875606199807,35.9402030398,7.19987368169e-283,-18.7047189826,4.53115039169e-78,5.16893983196,2.35425670649e-07
CP000013,0.28573234762985067,0.19650432473172308,16.0496371806,5.74991936923e-58,-26.7762347383,6.11274108073e-158,-14.5725816821,4.19724384813e-48
CP000088,0.6825387891591227,0.8504122554377713,-48.8891581178,0.0,-11.4435127576,2.5341306069e-30,-44.817314498,0.0
CP000115,0.6313379363704408,0.7755222363083699,6.09908242694,1.0667905261e-09,-71.0531086294,0.0,-49.6346650219,0.0
CP000142,0.5611824672943827,0.64807612280281,-55.888345535,0.0,-84.0051473764,0.0,-105.549233723,0.0
CP000158,0.6244949954939555,0.7463078065575984,12.7992162364,1.65614269403e-37,-28.4950515671,1.34906943268e-178,-13.5578062866,7.12347885654e-42
CP000245,0.7048791134712341,0.9310948619265127,-91.8238645779,0.0,-40.2835012,0.0,-99.9644106896,0.0
CP000267,0.6072278019571556,0.7375119929631778,-65.4432990626,0.0,-31.5835891642,6.20375111624e-219,-69.5796116853,0.0
CP000316,0.6327491591199133,0.7856479412419025,-60.4326944251,0.0,-45.6895087197,0.0,-71.6211752198,0.0
CP000386,0.710701129979625,0.9315690931840928,1.68088950347,0.0927843791662,-33.8295650206,7.25089735279e-251,-15.443102951,8.39617976632e-54
CP000414,0.38403140181675266,0.2999844281358469,-8.53585740657,1.39119852237e-17,19.4540209974,2.69449587629e-84,12.8092965817,1.45447055198e-37
CP000462,0.6292920976942771,0.8159314279566859,-66.2375367163,0.0,-62.9844074608,0.0,-96.1474998292,0.0
CP000488,0.35435865572233666,0.2590924301377233,-21.4852125948,2.14081885426e-102,29.9696912121,2.43751587624e-197,9.64151190467,5.3395662733e-22
CP000514,0.5798340787739166,0.6814728061936401,-32.5217398097,5.25572553228e-232,-41.7873354116,0.0,-55.3967480461,0.0
CP000612,0.43342605753842445,0.40593571832724135,-38.2660763823,0.0,-16.1259552187,1.67646750478e-58,-42.9305090669,0.0
CP000699,0.6905264058375387,0.8969970039573137,23.4806711515,6.42790036166e-122,-89.6440179358,0.0,-40.7751624192,0.0
CP000758,0.5718653843833336,0.6465019933438176,8.01056616218,1.14181568334e-15,-78.0739915356,0.0,-63.9274883951,0.0
CP000812,0.3876170873484334,0.33955509409162793,28.8091858823,1.64576352606e-182,-86.513367274,0.0,-55.4818547916,0.0
CP000860,0.6218064109587942,0.7704242493793904,-15.2638162232,1.33223573011e-52,-17.1911990838,3.0907344025e-66,-26.1144047694,2.50166441453e-150
CP000908,0.6915018790782282,0.880678508405831,33.2721584222,9.76203578909e-243,-59.9825096612,0.0,-25.4047625124,2.23408684708e-142
CP000934,0.5275744523872895,0.5787779292791564,-65.0403451524,0.0,-24.4029128207,1.59265748708e-131,-59.2010145388,0.0
CP001034,0.3684694922409318,0.2797233030696066,7.76787637934,7.98128973677e-15,-10.9569186174,6.15598330805e-28,-3.27150581236,0.00106976389537
CP001098,0.38972578002026864,0.34522975841230785,-16.7124395667,1.06392419042e-62,15.4942207315,3.7953461056e-54,-0.435145871762,0.663456548927
CP001108,0.509298873617838,0.5514212261258105,10.3343442269,4.92770914822e-25,-62.2770307386,0.0,-49.9731960135,0.0
CP001146,0.3387181566066459,0.24850904471628543,34.7679946182,7.41133497756e-265,-57.9364064055,0.0,-23.7553718613,9.66901245875e-125
CP001230,0.37451973732639404,0.32200130620613254,24.2766609854,3.45883342487e-130,-37.9616278716,0.0,-17.1704968627,4.41623435591e-66
CP001322,0.5560082246510775,0.690717299127863,-59.4749136428,0.0,-78.5674263481,0.0,-105.40003619,0.0
CP001560,0.577411456063147,0.6799839912116363,-54.2333027864,0.0,49.3388060983,0.0,5.46209373224,4.70551498978e-08
CP001628,0.7327999301163437,0.9540161671016013,-14.3729282021,7.65260053867e-47,0.724076903531,0.469018523238,-11.7157481273,1.05852683029e-31
CP001635,0.6828569027637078,0.8951676007436881,-57.1140695574,0.0,-106.257600908,0.0,-112.247780726,0.0
CP001674,0.5575447880091123,0.6473799018118963,-48.7814651708,0.0,-31.2741539141,1.04838952933e-214,-57.8733100859,0.0
CP001685,0.3086298706951685,0.21442466878329183,13.388394895,7.06919893748e-41,-52.5990479195,0.0,-37.7631105064,0.0
CP001707,0.4438984506203889,0.41815613580524247,-15.9042073509,5.92484434568e-57,21.7542270671,6.29991200458e-105,8.23755708564,1.75762466109e-16
CP001734,0.5816795597958526,0.6915024867232167,-21.8510322358,7.59957198655e-106,-52.7272023894,0.0,-61.1752521632,0.0
CP001744,0.5449586082071253,0.577398865679864,6.70178468359,2.05889266123e-11,-108.657040347,0.0,-83.7045252648,0.0
CP001792,0.4898958284834345,0.5603099418794139,34.943955714,1.59974655803e-267,-69.8665686346,0.0,-46.5855249964,0.0
CP001814,0.7155033859677516,0.9265748628404825,-45.2962501179,0.0,-16.1273664015,1.63860356045e-58,-44.312348009,0.0
CP001823,0.6843461176812348,0.8736912600711627,3.01237693168,0.00259210516495,-4.0908280616,4.29835718883e-05,-0.982558141332,0.32582495443
CP001859,0.5727718240130935,0.7152837333754928,-23.3913074484,5.23930567551e-121,-62.0198559312,0.0,-66.1163212049,0.0
CP001940,0.6128720595207168,0.7559795142641706,-60.7055305193,0.0,-24.5723694751,2.4944872938e-133,-59.7357928716,0.0
CP001992,0.5599940605337524,0.613756084758578,-12.5985272303,2.15123883939e-36,-13.6929485948,1.11875541594e-42,-19.6966814939,2.30224411808e-86
CP002017,0.5967262122832984,0.7044652571529391,-17.8026618997,6.73882911028e-71,-68.941154055,0.0,-68.0952102169,0.0
CP002040,0.7311996024451434,0.9466738871439402,-78.1569009105,0.0,-11.605587768,3.86026046588e-31,-74.7081725077,0.0
CP002083,0.6147164419534201,0.7447682141730141,34.6447476915,5.3593314867e-263,-87.5928614876,0.0,-53.7857708105,0.0
CP002116,0.49563088528009547,0.5281056610217174,-0.381109166736,0.703122245735,-102.198506375,0.0,-82.0536546675,0.0
CP002159,0.5359470326504056,0.6020234186312156,-39.9813739255,0.0,-24.9980941665,6.41219739873e-138,-49.3721924393,0.0
CP002281,0.3546489342199557,0.2791558489854586,26.2203680123,1.55694029947e-151,-51.9200326793,0.0,-21.69111229,2.48896092393e-104
CP002345,0.40015062786078137,0.3697983871346689,-3.00197336717,0.00268235641943,-72.5963938694,0.0,-69.2113996499,0.0
CP002360,0.441378365153483,0.44406638763496464,-44.4865824709,0.0,-33.3241142135,1.72790971652e-243,-62.9698936748,0.0
CP002395,0.6014569432022895,0.7144570346508217,-11.6983195888,1.30002357792e-31,-10.5376884066,5.79046808746e-26,-16.3597124182,3.70875108698e-60
CP002449,0.6912199107983025,0.9065834342441966,-99.5672751577,0.0,-49.6239259946,0.0,-103.705733805,0.0
CP002480,0.6147012584868995,0.7637177417296304,18.6017242646,3.11137371429e-77,-37.5355888162,2.42105978661e-308,-18.0802500931,4.56009064341e-73
CP002528,0.37963794216160285,0.286684976898536,4.22577986485,2.381146828e-05,-11.6721133626,1.76971550649e-31,-8.42477109022,3.61456202823e-17
CP002546,0.569385340437131,0.6528798472909643,14.3042161018,2.05945306884e-46,-106.394601013,0.0,-87.2996268351,0.0
CP002593,0.7353758843767417,0.9439515303252752,-11.8847483652,1.42062256021e-32,-33.6076610759,1.29647320177e-247,-31.6954783655,1.79335418171e-220
CP002663,0.5772653749233808,0.6622690752076956,-63.8183580763,0.0,-59.0125745791,0.0,-97.2409948501,0.0
CP002734,0.6675610919692553,0.8498604718433882,-5.42119293061,5.9202622608e-08,-34.6417428884,5.94780334745e-263,-28.9625119473,1.95252947526e-184
CP002825,0.3142252133424444,0.1826390998789678,22.2147808568,2.47184654651e-109,-52.4181327183,0.0,-34.1709120428,6.54138020599e-256
CP002901,0.572955143639355,0.6380309094469542,-26.7665029956,7.93489303547e-158,-37.0424079085,2.37965099436e-300,-44.8890860732,0.0
CP002999,0.42182412540656344,0.4387642368574997,-26.883909094,3.38734881084e-159,-84.2256920158,0.0,-97.7342328744,0.0
CP003147,0.5346890366036039,0.5757455176372801,17.0808490796,2.06097775793e-65,-22.6112660874,3.35768716572e-113,-11.2116687553,3.57390952379e-29
CP003198,0.4863360703551902,0.5382772437497216,-1.73839636235,0.0821409972293,-41.269894045,0.0,-32.9661107679,2.48639297399e-238
CP003280,0.3697673116276986,0.30539178161334585,37.2043135668,5.8116932548e-303,-98.1790416377,0.0,-54.4888823689,0.0
CP003350,0.6394798757785554,0.7755540778211096,-39.2213129158,0.0,-79.3508638838,0.0,-91.302375589,0.0
CP003418,0.3436769215896643,0.24977004736444391,30.6937478568,6.89727577502e-207,-54.3425064908,0.0,-29.5062562571,2.39320772393e-191
CP003549,0.3883231329353919,0.2906372505138402,12.2886490129,1.04233428732e-34,-79.2867688457,0.0,-58.2551111295,0.0
CP003597,0.4540037211882931,0.4006956203324722,19.566524029,2.98349358773e-85,-73.4245390192,0.0,-45.7530278348,0.0
CP003642,0.4344279160384122,0.3783934283307829,21.6282197048,9.74728843608e-104,-10.919471355,9.30357303147e-28,6.95689072491,3.47864566778e-12
CP003746,0.5649029613550763,0.6565596683868531,-67.3018454874,0.0,-44.2354222568,0.0,-79.5939618514,0.0
CP003903,0.32035736021804134,0.19716038876696376,-6.75908642971,1.3886454274e-11,-2.65721256102,0.00787897474491,-7.51216603279,5.81569623654e-14
CP003978,0.31472566450031403,0.18227570933795126,4.59480050296,4.33163481233e-06,-9.17802748203,4.39059984649e-20,-4.76698533389,1.87002916625e-06
CP004372,0.6611203560568516,0.8288943086698151,10.8950591548,1.21687463644e-27,-80.3368763038,0.0,-53.4338447433,0.0
CP005990,0.6433229810222408,0.7705857434949818,-18.941157712,5.22357994845e-80,0.0107608783746,0.991414226985,-11.5534572681,7.09094164039e-31
CP006939,0.523953061471631,0.5826116526660167,-13.8733857704,9.18373774871e-44,-65.7455832713,0.0,-63.9718694219,0.0
CP007051,0.3215857578998775,0.22482816583372262,-2.84677689444,0.00441643024397,-58.8564293531,0.0,-53.5797169731,0.0
CP007161,0.38136720730863954,0.30776393039367356,-11.0448004561,2.32283157192e-28,-23.4738255515,7.55080615507e-122,-27.965829847,4.2323913206e-172
CP007451,0.4240430929959775,0.42122365256754846,-18.000678842,1.92445681859e-72,-103.723337142,0.0,-104.031941155,0.0
CP008802,0.6276382395699329,0.7350479456903943,-42.6844951868,0.0,1.02964319403,0.3031775309,-27.5573477154,3.61333406283e-167
CP009056,0.35438886885980725,0.24031124378739768,-15.699704628,1.51947882567e-55,35.7024162781,3.62619608731e-279,20.8370030021,1.99972575243e-96
CP009450,0.6090669502575469,0.7613473229115841,-39.0697870177,0.0,35.2310933768,6.68355889311e-272,1.29359205371,0.195806368675
CP010311,0.581190651349669,0.691793614694899,-22.2427733274,1.32507999271e-109,-46.7406245464,0.0,-50.4806548705,0.0
CP011280,0.28466104374516393,0.1582710624977438,-6.86011582151,6.88047402417e-12,27.5767181222,2.11688451462e-167,22.2124008191,2.60632545772e-109
CU466930,0.3828144035397921,0.326215710723192,18.9242703506,7.19793099418e-80,-67.8337858235,0.0,-49.0767275522,0.0
FO203431,0.7434913433548107,0.9585586271144422,-43.9963251637,0.0,-3.05485048665,0.00225172744278,-36.742233269,1.54696050495e-295
FP929003,0.5938622955710724,0.7056680228220765,-9.74503796607,1.93706447837e-22,-64.1667968366,0.0,-56.7765187248,0.0
FP929054,0.4330277662032653,0.41008267446783125,8.18431547637,2.73855804113e-16,-84.7471305867,0.0,-65.4581081873,0.0
FR872582,0.42524884557552967,0.38374290862083976,51.2853792708,0.0,-52.1553529027,0.0,-13.3482026288,1.21341426683e-40
HF951689,0.5525654522655463,0.5955878294194648,2.28844663761,0.0221115243242,-52.9434763541,0.0,-41.0433270952,0.0
AE000657,0.4374537466830877,0.4802906812007267,45.8097904332,0.0,-53.9027471307,0.0,-7.5149772727,5.69208216864e-14
AE003849,0.5389361477619948,0.5727928242196109,-35.5047202395,4.15643320993e-276,1.97633075045,0.0481173290257,-20.6400866013,1.19847638533e-94
AE005176,0.362695042922594,0.2512687025226255,32.024141575,5.03075460895e-225,-7.50167870901,6.30056542036e-14,14.0170838545,1.22547627621e-44
AE007869,0.6034284547433684,0.7311585970083159,4.9849250626,6.19858323005e-07,-69.7697937195,0.0,-55.8117618839,0.0
AE009952,0.48973873887305164,0.4987038811144497,-45.1748842062,0.0,46.4812432793,0.0,9.98580644764,1.75865129873e-23
AE015450,0.320912267959659,0.2331720801658604,11.6828015473,1.56065507699e-31,28.0431412027,4.84299738785e-173,28.8831817904,1.94202431264e-183
AE016827,0.4351266899103973,0.41831081032016326,-15.4898241256,4.06400688901e-54,-23.3984378961,4.43296821591e-121,-30.0971172946,5.28502374665e-199
AE017180,0.6168454707792773,0.7768075741058033,-27.7950916864,4.97270450981e-170,-51.9952602301,0.0,-57.6590966943,0.0
AE017282,0.640590072203758,0.8021081490463622,-27.86374399,7.34143802309e-171,-88.7992824105,0.0,-80.3293339426,0.0
AJ749949,0.3302558605146653,0.21487480137191836,-1.27399059921,0.202666747829,23.220399541,2.83340731927e-119,20.4762822935,3.50403711226e-93
AL954747,0.5166187334207423,0.542907615134734,-53.4868293012,0.0,-51.3784090367,0.0,-73.2962756125,0.0
AM286690,0.5534840821467757,0.6178297857319355,-37.5787131826,4.78753427624e-309,-4.68502089623,2.79931371585e-06,-28.0888397096,1.34089301493e-173
AM743169,0.6682518168125074,0.8426903960057605,-60.9870946576,0.0,-50.9239657713,0.0,-80.9873397593,0.0
AP006618,0.7128093803336676,0.9123049795278015,-48.8217944605,0.0,-55.1139535722,0.0,-69.8542915541,0.0
AP008231,0.5623362586197534,0.6027625318058848,14.7704590228,2.27160556007e-49,-17.8241643264,4.58896715208e-71,-4.56529609384,4.98789816398e-06
AP009153,0.645914710160593,0.7710329935402597,-63.4341176583,0.0,-90.6104738022,0.0,-112.569675057,0.0
AP009484,0.37604156657475857,0.3086870568244943,-16.2336809359,2.91445651398e-59,18.3444705957,3.65469217206e-75,3.0383594244,0.00237870056692
AP011112,0.4421403158560454,0.4638958714164295,9.18765355029,4.01503652806e-20,-63.346304365,0.0,-45.0395401905,0.0
AP012029,0.5447605024741461,0.6021915673787148,-29.9569704603,3.56997693583e-197,-59.5894952873,0.0,-68.6317351906,0.0
AP012050,0.3632235865356631,0.2604801250836871,6.17528883262,6.60426228183e-10,32.8881456648,3.2471522103e-237,31.1666485352,3.0176174114e-213
AP012200,0.33064972330395576,0.2080352478000979,12.3482433356,4.97866747186e-35,-27.4083804439,2.17910474183e-165,-15.488223404,4.16645486389e-54
AP012273,0.5702877832091785,0.6691787880287341,-77.7944109612,0.0,-77.1436598892,0.0,-106.756529492,0.0
AP012334,0.4948709318380882,0.4928747720329768,8.08108057674,6.41953743201e-16,-34.6357769193,7.31441958553e-263,-25.7092937823,9.20161513573e-146
AP012551,0.5835487870551694,0.6940952661509071,-42.7450242867,0.0,20.9471150224,1.99347961294e-97,-12.1693645301,4.52592265826e-34
AP014521,0.2618801854253002,0.11593411918327375,6.97643671189,3.02760629937e-12,-17.825418098,4.48723570844e-71,-10.6182599764,2.45086893208e-26
AP014800,0.6734605469483514,0.8471110576493049,37.8721512539,0.0,-91.4908600954,0.0,-43.319388131,0.0
BA000039,0.5465170900150912,0.5816957384305783,-2.02237675206,0.0431374449041,-3.94858914104,7.86131425789e-05,-4.64147498468,3.4593090657e-06
BX571963,0.6565884357592906,0.8396725164306499,9.0314254056,1.69449997363e-19,-94.4544958272,0.0,-57.2935291406,0.0
CP000030,0.4986456138500026,0.5258780797442166,-17.6946890836,4.60766394967e-70,-2.34451144979,0.019052025543,-14.3689005133,8.11086658807e-47
CP000089,0.5998441732787307,0.7242273507098677,-14.397475145,5.36685732633e-47,-73.5356978939,0.0,-70.8060941262,0.0
CP000116,0.6651157523052295,0.8542807938882,0.83604685217,0.403128545938,-68.5728968899,0.0,-50.7603648731,0.0
CP000143,0.6920597266841123,0.8916234445369362,41.152652187,0.0,-78.758841987,0.0,-31.0763385027,5.02970570393e-212
CP000159,0.6709663494698643,0.8563942128279446,-5.98376712562,2.18034986915e-09,-49.889236587,0.0,-46.0227410272,0.0
CP000248,0.6565973608528036,0.8153539654807236,6.47328578917,9.58943286862e-11,-89.5485969194,0.0,-67.7880914367,0.0
CP000269,0.552661256440307,0.6250718789738804,-44.7067873128,0.0,-34.3481173335,1.50258571508e-258,-56.9744148923,0.0
CP000352,0.6447155569458761,0.8101902821649912,-26.7231985351,2.5306363397e-157,-76.055597489,0.0,-74.0608794989,0.0
CP000388,0.4551163096721523,0.44036692923671095,-27.6745944707,1.41212892239e-168,38.2660896337,0.0,13.0975102415,3.40236603794e-39
CP000422,0.3800056053811659,0.29281181752570556,10.1129450271,4.840685669e-24,29.7912431225,5.07273598171e-195,32.6820909238,2.80618396021e-234
CP000471,0.5489433019951964,0.6127553923343506,-73.3209882457,0.0,8.49778261294,1.93246578927e-17,-41.4793555468,0.0
CP000489,0.6720359141791045,0.8494526796295279,4.65278889137,3.27475470177e-06,-71.1601082051,0.0,-52.8943749985,0.0
CP000542,0.6570171827481953,0.8261019430542479,-68.7388504709,0.0,-101.398679251,0.0,-134.888669542,0.0
CP000653,0.542307393791934,0.6115496806844931,-15.5166688795,2.67586081643e-54,7.56525470948,3.87105332058e-14,-5.01959123727,5.17815471706e-07
CP000716,0.31273143218307103,0.22039923151809637,14.4823671777,1.566093555e-47,-58.6576668874,0.0,-43.4677258034,0.0
CP000771,0.35292064164593756,0.2882185414803163,10.4640013718,1.26402310454e-25,-45.3557876272,0.0,-33.4251226195,5.91768015246e-245
CP000817,0.3808881891325906,0.2926048487180174,4.10394607952,4.06162165894e-05,-14.7227464305,4.60568737465e-49,-9.79495099697,1.18354793176e-22
CP000875,0.5132796127139878,0.5190288050445732,-10.286783662,8.08313906869e-25,-15.0904974951,1.87026797582e-51,-19.0813347348,3.60923204596e-81
CP000909,0.5722032627110307,0.6068130816530123,-23.105499757,4.07656609983e-118,3.59370415731,0.000326009984196,-10.6368805653,2.00737649609e-26
CP000975,0.45955211584023675,0.4730620588979391,27.8618437233,7.74114418652e-171,-73.3240407421,0.0,-46.7122876173,0.0
CP001055,0.40789952221230347,0.38676383395196595,-1.00938993639,0.312787662907,0.983648620618,0.325288310337,0.172690933411,0.86289437081
CP001099,0.5729078367821824,0.7168703734017206,0.456221385352,0.648230788763,-57.6702017301,0.0,-46.8377081689,0.0
CP001110,0.4901058728686794,0.5128254571505035,6.18318291039,6.28218517689e-10,-50.7735554536,0.0,-41.0917154329,0.0
CP001147,0.3421448165336323,0.23341923277136084,27.4712020352,3.8783293087e-166,-37.6021933595,1.97933567844e-309,-11.7778863319,5.07497373192e-32
CP001275,0.6366301565403677,0.7363321207937414,8.68240714628,3.87479508053e-18,-65.7601257317,0.0,-44.7324706198,0.0
CP001339,0.6627738077953969,0.8560757603118369,-82.2551205347,0.0,-33.1613209846,3.88965268284e-241,-75.8159428782,0.0
CP001607,0.4323958918479235,0.4131579385966906,-17.3033887713,4.4351592986e-67,-11.3417417191,8.15059240178e-30,-21.5457070975,5.80899039902e-103
CP001629,0.5970585238949758,0.7475914693663672,-42.0170640775,0.0,-66.4912319577,0.0,-76.2746465254,0.0
CP001643,0.7220763160005447,0.943159009239046,-21.434684623,6.34622714056e-102,-28.7585470012,7.08190028962e-182,-32.8503436306,1.12621847784e-236
CP001678,0.45947175886135033,0.3902552979779665,2.97978961867,0.00288446412577,-7.85101731528,4.12675974648e-15,-5.1995724915,1.9974741384e-07
CP001686,0.7192896861655812,0.9326140683830574,-38.2476738482,0.0,-2.61479299992,0.00892815466627,-29.3097875445,7.78256577398e-189
CP001708,0.36599509018030063,0.31568887565313913,27.8053173544,3.74088163748e-170,-13.7579866303,4.56051243398e-43,8.26964415671,1.3435942713e-16
CP001736,0.7097298516660552,0.9214023644154935,7.54838979918,4.40672349152e-14,-53.784908311,0.0,-27.0736253869,2.01353751964e-161
CP001751,0.49711731582562213,0.47938581761585436,-24.2457959798,7.32301577002e-130,19.5805634133,2.26501388384e-85,3.13461934949,0.00172077239354
CP001801,0.5559795518166795,0.6239507761093301,-29.5744064009,3.18910434983e-192,-38.2483860361,0.0,-52.3476195585,0.0
CP001816,0.3943784897349621,0.3477719030031057,24.823938412,4.94510136411e-136,-22.967896675,9.76243151958e-117,-3.74191448687,0.000182623662929
CP001825,0.48295352193682106,0.4768369459447104,-4.63627138068,3.54750153843e-06,-8.14944232079,3.6560636263e-16,-9.66292240108,4.33322781712e-22
CP001867,0.7425843115645577,0.9522194317204113,-39.6713003514,0.0,-14.235155067,5.54398192574e-46,-38.1549320292,0.0
CP001958,0.6733780713364466,0.84511879418157,-13.1824178518,1.1078255195e-39,-56.0573417687,0.0,-52.5186884411,0.0
CP001997,0.45844008209035303,0.4235289170710375,19.3138018611,4.11162024444e-83,-50.3203225547,0.0,-29.4283075847,2.3860140832e-190
CP002018,0.6231281271269495,0.742854654509103,5.82156898925,5.82977317852e-09,-32.5970562681,4.51468647339e-233,-22.7197705509,2.85696201323e-114
CP002045,0.5378218284884533,0.5532249735227441,2.29688881861,0.0216251130071,-6.74798156683,1.49915987425e-11,-4.16839539771,3.06751476147e-05
CP002084,0.56112375526641,0.6527511895455412,-30.4493548849,1.22169055147e-203,-13.2608816175,3.90280408801e-40,-32.9798849255,1.57813033368e-238
CP002124,0.5493442926027962,0.6194065114072776,-45.039451035,0.0,33.2311684896,3.81953929993e-242,-1.34737698582,0.177858848837
CP002162,0.732749911403645,0.9384924020082392,-55.2703103053,0.0,-11.3132736655,1.1280077992e-29,-50.9525977354,0.0
CP002287,0.6669281261610865,0.8562704542941372,-91.8999412516,0.0,-74.9809194103,0.0,-117.145829708,0.0
CP002346,0.35795731870199804,0.2905534388379611,18.6428060484,1.44460359004e-77,-37.2162692156,3.72355163995e-303,-19.676125332,3.45423186605e-86
CP002361,0.7066135218752787,0.9316073757278028,-24.4622348497,3.729146223e-132,-31.2911030339,6.16622350055e-215,-36.8907153152,6.51062056392e-298
CP002400,0.5685117579966613,0.6959248725338587,-48.5423531199,0.0,-59.4241739625,0.0,-78.6774013773,0.0
CP002452,0.5514756863556461,0.6901867759401784,-3.64818273895,0.000264101770766,-72.6860545308,0.0,-60.4395781477,0.0
CP002505,0.5363727017365562,0.5977025040164649,-28.7312951305,1.55155217326e-181,9.03055497491,1.70803348461e-19,-10.0009722823,1.50908046768e-23
CP002541,0.49501392882148765,0.5618704476993449,-17.5059750262,1.28999072903e-68,-64.765410365,0.0,-66.5861223656,0.0
CP002547,0.4743938686420233,0.5179942681761824,-3.68857264324,0.000225515641588,-50.585264167,0.0,-45.6426483094,0.0
CP002606,0.3754681970349115,0.3466961443022379,6.00662555074,1.89424303666e-09,-34.8327083407,7.78095339665e-266,-25.4703682927,4.19962467689e-143
CP002667,0.4067745036720796,0.34890682829062847,-11.8979578868,1.21278630727e-32,-9.21855983531,3.01117192314e-20,-16.0098110506,1.09140751654e-57
CP002738,0.5211767380641149,0.596384624487059,-65.8675875918,0.0,-76.0382008955,0.0,-110.068033498,0.0
CP002829,0.30724833339601865,0.170903696760767,58.0442971757,0.0,-58.21328451,0.0,-7.20730847529,5.7068623934e-13
CP002955,0.3920401369556203,0.35572245076103987,2.08703103637,0.0368853291318,-55.0091284547,0.0,-50.5031607828,0.0
CP003040,0.49444381316718117,0.5684764291373214,-18.0334460641,1.06445936058e-72,-74.1077488828,0.0,-76.0672160362,0.0
CP003153,0.661364121252239,0.8573029464716989,-89.1166998656,0.0,-64.8767577124,0.0,-114.558203236,0.0
CP003230,0.4257855426363625,0.37044569856551146,-10.961374374,5.86025513433e-28,40.5030089772,0.0,24.1231932567,1.42759219359e-128
CP003281,0.37599208906234716,0.32379072310167356,41.5238301106,0.0,-79.0495193159,0.0,-38.5513957706,0.0
CP003359,0.327832531331843,0.19331041856227,20.3813310803,2.44904108527e-92,46.4515711212,0.0,58.7291972419,0.0
CP003470,0.6794264954825229,0.8788600204012132,-47.1713717144,0.0,-74.1078621617,0.0,-86.7833901612,0.0
CP003555,0.5575404358277511,0.6233874633445831,-63.8799451253,0.0,-48.3147134397,0.0,-76.9107692655,0.0
CP003600,0.46712244379614076,0.4439948518768143,-0.84571378838,0.397712429279,-67.0216764436,0.0,-54.7813924413,0.0
CP003646,0.4449375377997445,0.37114764812591367,12.3924184379,2.87248011406e-35,-30.00830495,7.64683984512e-198,-17.5435134484,6.66747068568e-69
CP003789,0.3668844062178236,0.2449475730934857,4.34934998584,1.36541650106e-05,-31.4808892407,1.58659936277e-217,-22.6087115853,3.55772821811e-113
CP003938,0.55322888175197,0.6379701864659425,-28.0528203173,3.69030822569e-173,22.2551262616,1.00609854279e-109,1.55617386524,0.119666754214
CP003984,0.5437501433692861,0.5872815694032312,-14.9343602201,1.96955311617e-50,-15.2397978742,1.92464836978e-52,-21.3391332217,4.91982490995e-101
CP004388,0.5562731889212039,0.6135255739314218,16.1810706563,6.85912405954e-59,-40.7632622605,0.0,-27.2007347303,6.36620068757e-163
CP006587,0.637161035270863,0.8261324936583938,-58.6833265962,0.0,-41.3101398943,0.0,-72.3103946034,0.0
CP007003,0.603399065971288,0.7136442505023892,-15.2196909742,2.61764570273e-52,-12.2837105571,1.107975255e-34,-19.6617601104,4.58539132503e-86
CP007053,0.6466586206362372,0.7996768761683464,-19.9640789374,1.13093515139e-88,-132.574435698,0.0,-113.535990249,0.0
CP007202,0.3440963638938524,0.2578528306091205,13.9081072673,5.65563515418e-44,-71.3145607195,0.0,-57.9534348169,0.0
CP007452,0.44981215249239126,0.4824710145151758,-5.72406874501,1.04002633493e-08,-47.067523551,0.0,-42.4531034643,0.0
CP008852,0.3946422510875937,0.3122572247726593,-13.7955191523,2.71193486482e-43,-13.6451216807,2.15852914609e-42,-20.752282151,1.16908374157e-95
CP009129,0.3987684646675305,0.3247324914168515,17.169447747,4.49677898277e-66,-31.4087669762,1.53598070887e-216,-13.8972226134,6.58472870334e-44
CP009451,0.5642535544542365,0.6631832155762903,-19.0835702852,3.45809797077e-81,24.4843186653,2.17019408668e-132,10.0375911137,1.04187368232e-23
CP010327,0.34975680237524465,0.26840705125763564,25.2201480358,2.40843927592e-140,12.0950385208,1.12189620974e-33,28.9617480191,1.99626313516e-184
CR354531,0.4293107040072068,0.36527950539601506,-19.0681599541,4.64358910195e-81,42.462193688,0.0,23.1167621736,3.14081493494e-118
CU469464,0.22659226083763057,0.1023928952135556,13.8108538684,2.1921763521e-43,-16.7731648476,3.83525659044e-63,-6.10006075867,1.06028154686e-09
FO203503,0.4233254857745505,0.4170737200457388,-12.567856111,3.17209439834e-36,-52.1830892804,0.0,-52.1778656517,0.0
FP929038,0.4418639224982119,0.4403045725332386,-1.75167869403,0.0798290724856,-72.8636479181,0.0,-58.6175055667,0.0
FP929056,0.640010331553151,0.8481519155879677,5.28134287471,1.28240436194e-07,-29.0531627112,1.40355810448e-185,-19.7241596191,1.33762003651e-86
HE717023,0.4252621710116857,0.39341549055552255,10.8210605166,2.73593039706e-27,-25.2820475481,5.03336959206e-141,-12.81356582,1.37660125862e-37
HG315671,0.34354652666474106,0.24288448758654768,22.8606756437,1.14445241491e-115,-69.2979776064,0.0,-47.5049752983,0.0
